,Commodity,Price,Date,Log_Price,Low_Temp,Hi_Temp,Precip_Type,Snow_Amt
0,"Natural Gas, Henry Hub-I",2.37,2015-10-01,0.8628899551470398,56.84,82.55,,
1,"Natural Gas, Henry Hub-I",2.26,2015-10-02,0.8153648132841944,55.03,78.56,,
2,"Natural Gas, Henry Hub-I",2.32,2015-10-05,0.8415671856782185,66.69,82.85,,
3,"Natural Gas, Henry Hub-I",2.35,2015-10-06,0.8544153281560676,65.9,86.04,,
4,"Natural Gas, Henry Hub-I",2.46,2015-10-07,0.9001613499442714,70.2,89.39,,
5,"Natural Gas, Henry Hub-I",2.44,2015-10-08,0.8919980393051105,67.33,87.16,,
6,"Natural Gas, Henry Hub-I",2.36,2015-10-09,0.8586616190375187,68.14,88.25,,
7,"Natural Gas, Henry Hub-I",2.44,2015-10-12,0.8919980393051105,67.87,83.7,,
8,"Natural Gas, Henry Hub-I",2.43,2015-10-13,0.8878912573524571,55.02,89.17,,
9,"Natural Gas, Henry Hub-I",2.44,2015-10-14,0.8919980393051105,55.65,89.6,,
10,"Natural Gas, Henry Hub-I",2.49,2015-10-15,0.9122827104766164,58.42,91.53,,
11,"Natural Gas, Henry Hub-I",2.38,2015-10-16,0.8671004876833833,58.77,92.17,,
12,"Natural Gas, Henry Hub-I",2.42,2015-10-19,0.883767540168595,59.95,79.73,,
13,"Natural Gas, Henry Hub-I",2.45,2015-10-20,0.8960880245566357,63.15,82.92,,
14,"Natural Gas, Henry Hub-I",2.36,2015-10-21,0.8586616190375187,69.16,84.79,,
15,"Natural Gas, Henry Hub-I",2.34,2015-10-22,0.85015092936961,70.91,80.9,,
16,"Natural Gas, Henry Hub-I",2.27,2015-10-23,0.8197798314933114,73.35,83.31,,
17,"Natural Gas, Henry Hub-I",2.14,2015-10-26,0.7608058290337602,66.37,71.74,rain,
18,"Natural Gas, Henry Hub-I",2.07,2015-10-27,0.7275486072772777,59.41,72.56,rain,
19,"Natural Gas, Henry Hub-I",2.1,2015-10-28,0.7419373447293773,59.31,81.84,rain,
20,"Natural Gas, Henry Hub-I",2.1,2015-10-29,0.7419373447293773,60.09,81.32,,
21,"Natural Gas, Henry Hub-I",1.94,2015-10-30,0.6626879730752367,72.23,79.32,,
22,"Natural Gas, Henry Hub-I",1.92,2015-11-02,0.6523251860396901,65.34,71.65,rain,
23,"Natural Gas, Henry Hub-I",1.9,2015-11-03,0.6418538861723947,63.87,73.56,,
24,"Natural Gas, Henry Hub-I",2.02,2015-11-04,0.7030975114131134,65.56,80.74,rain,
25,"Natural Gas, Henry Hub-I",2.09,2015-11-05,0.7371640659767196,74.22,83.97,rain,
26,"Natural Gas, Henry Hub-I",2.16,2015-11-06,0.7701082216960737,71.37,85.43,rain,
27,"Natural Gas, Henry Hub-I",2.13,2015-11-09,0.7561219797213337,58.5,66.6,,
28,"Natural Gas, Henry Hub-I",2.11,2015-11-10,0.7466879474879751,62.5,76.29,,
29,"Natural Gas, Henry Hub-I",2.11,2015-11-11,0.7466879474879751,60.25,80.71,,
30,"Natural Gas, Henry Hub-I",2.01,2015-11-12,0.6981347220709843,49.8,71.45,rain,
31,"Natural Gas, Henry Hub-I",2.01,2015-11-13,0.6981347220709843,51.75,69.39,,
32,"Natural Gas, Henry Hub-I",2.14,2015-11-16,0.7608058290337602,74.12,78.6,rain,
33,"Natural Gas, Henry Hub-I",2.05,2015-11-17,0.7178397931503168,56.02,80.15,rain,
34,"Natural Gas, Henry Hub-I",2.1,2015-11-18,0.7419373447293773,51.0,72.1,rain,
35,"Natural Gas, Henry Hub-I",2.15,2015-11-19,0.7654678421395714,50.43,74.57,,
36,"Natural Gas, Henry Hub-I",2.16,2015-11-20,0.7701082216960737,56.64,72.9,,
37,"Natural Gas, Henry Hub-I",2.14,2015-11-23,0.7608058290337602,40.98,60.23,,
38,"Natural Gas, Henry Hub-I",2.11,2015-11-24,0.7466879474879751,52.04,68.46,,
39,"Natural Gas, Henry Hub-I",2.06,2015-11-25,0.7227059828014898,64.13,75.15,rain,
40,"Natural Gas, Henry Hub-I",2.09,2015-11-30,0.7371640659767196,65.17,77.58,rain,
41,"Natural Gas, Henry Hub-I",2.15,2015-12-01,0.7654678421395714,51.08,65.59,rain,
42,"Natural Gas, Henry Hub-I",2.17,2015-12-02,0.7747271675523681,46.29,57.5,rain,
43,"Natural Gas, Henry Hub-I",2.11,2015-12-03,0.7466879474879751,38.45,58.69,,
44,"Natural Gas, Henry Hub-I",2.08,2015-12-04,0.7323678937132266,39.18,59.43,,
45,"Natural Gas, Henry Hub-I",2.03,2015-12-07,0.7080357930536959,43.77,69.56,,
46,"Natural Gas, Henry Hub-I",1.98,2015-12-08,0.6830968447064438,54.14,70.55,rain,
47,"Natural Gas, Henry Hub-I",2.0,2015-12-09,0.6931471805599453,55.5,74.6,,
48,"Natural Gas, Henry Hub-I",1.91,2015-12-10,0.6471032420585384,67.2,77.96,,
49,"Natural Gas, Henry Hub-I",1.77,2015-12-11,0.5709795465857378,66.6,78.75,,
50,"Natural Gas, Henry Hub-I",1.69,2015-12-14,0.5247285289349821,48.33,71.11,rain,
51,"Natural Gas, Henry Hub-I",1.65,2015-12-15,0.5007752879124892,61.07,74.54,,
52,"Natural Gas, Henry Hub-I",1.68,2015-12-16,0.5187937934151675,48.65,74.47,rain,
53,"Natural Gas, Henry Hub-I",1.75,2015-12-17,0.5596157879354227,39.25,59.83,rain,
54,"Natural Gas, Henry Hub-I",1.7,2015-12-18,0.5306282510621704,36.44,58.76,,
55,"Natural Gas, Henry Hub-I",1.7,2015-12-21,0.5306282510621704,66.72,70.58,rain,
56,"Natural Gas, Henry Hub-I",1.75,2015-12-22,0.5596157879354227,66.02,70.98,rain,
57,"Natural Gas, Henry Hub-I",1.62,2015-12-23,0.4824261492442928,70.68,76.71,rain,
58,"Natural Gas, Henry Hub-I",1.54,2015-12-24,0.43178241642553783,73.59,79.09,rain,
59,"Natural Gas, Henry Hub-I",2.08,2015-12-28,0.7323678937132266,41.34,54.51,rain,
60,"Natural Gas, Henry Hub-I",2.24,2015-12-30,0.8064758658669485,50.32,58.17,rain,
61,"Natural Gas, Henry Hub-I",2.32,2015-12-31,0.8415671856782185,43.36,55.1,rain,
62,"Natural Gas, Henry Hub-I",2.39,2016-01-04,0.8712933659434193,32.24,57.47,,
63,"Natural Gas, Henry Hub-I",2.32,2016-01-05,0.8415671856782185,39.05,53.01,,
64,"Natural Gas, Henry Hub-I",2.35,2016-01-06,0.8544153281560676,54.11,66.96,,
65,"Natural Gas, Henry Hub-I",2.35,2016-01-07,0.8544153281560676,53.52,66.98,rain,
66,"Natural Gas, Henry Hub-I",2.47,2016-01-08,0.9042181506398859,57.3,65.69,,
67,"Natural Gas, Henry Hub-I",2.53,2016-01-11,0.9282193027394288,34.76,50.32,rain,
68,"Natural Gas, Henry Hub-I",2.38,2016-01-12,0.8671004876833833,36.43,60.4,,
69,"Natural Gas, Henry Hub-I",2.3,2016-01-13,0.8329091229351039,41.35,63.14,,
70,"Natural Gas, Henry Hub-I",2.19,2016-01-14,0.7839015438284094,53.0,62.27,rain,
71,"Natural Gas, Henry Hub-I",2.19,2016-01-15,0.7839015438284094,45.33,69.46,rain,
72,"Natural Gas, Henry Hub-I",2.22,2016-01-19,0.7975071958841882,49.72,63.11,,
73,"Natural Gas, Henry Hub-I",2.14,2016-01-20,0.7608058290337602,57.42,71.27,rain,
74,"Natural Gas, Henry Hub-I",2.2,2016-01-21,0.7884573603642703,42.31,73.6,rain,
75,"Natural Gas, Henry Hub-I",2.22,2016-01-22,0.7975071958841882,32.85,42.63,,
76,"Natural Gas, Henry Hub-I",2.14,2016-01-25,0.7608058290337602,59.73,71.19,,
77,"Natural Gas, Henry Hub-I",2.23,2016-01-26,0.8020015854720274,42.37,61.47,rain,
78,"Natural Gas, Henry Hub-I",2.24,2016-01-27,0.8064758658669485,35.71,55.1,,
79,"Natural Gas, Henry Hub-I",2.12,2016-01-28,0.7514160886839212,41.05,57.93,,
80,"Natural Gas, Henry Hub-I",2.25,2016-01-29,0.8109302162163288,50.07,69.67,,
81,"Natural Gas, Henry Hub-I",2.18,2016-02-01,0.7793248768009977,69.28,74.98,,
82,"Natural Gas, Henry Hub-I",2.03,2016-02-02,0.7080357930536959,53.6,73.31,rain,
83,"Natural Gas, Henry Hub-I",2.06,2016-02-03,0.7227059828014898,39.49,62.21,rain,
84,"Natural Gas, Henry Hub-I",2.05,2016-02-04,0.7178397931503168,32.46,54.18,,
85,"Natural Gas, Henry Hub-I",2.08,2016-02-05,0.7323678937132266,35.02,55.23,,
86,"Natural Gas, Henry Hub-I",2.22,2016-02-08,0.7975071958841882,38.66,60.01,,
87,"Natural Gas, Henry Hub-I",2.17,2016-02-09,0.7747271675523681,35.87,58.34,,
88,"Natural Gas, Henry Hub-I",2.13,2016-02-10,0.7561219797213337,45.6,59.24,,
89,"Natural Gas, Henry Hub-I",2.12,2016-02-11,0.7514160886839212,51.55,73.41,,
90,"Natural Gas, Henry Hub-I",2.07,2016-02-12,0.7275486072772777,48.57,74.63,,
91,"Natural Gas, Henry Hub-I",1.92,2016-02-16,0.6523251860396901,47.69,71.44,,
92,"Natural Gas, Henry Hub-I",1.91,2016-02-17,0.6471032420585384,43.89,68.43,,
93,"Natural Gas, Henry Hub-I",1.87,2016-02-18,0.6259384308664954,55.01,72.34,,
94,"Natural Gas, Henry Hub-I",1.81,2016-02-19,0.5933268452777344,58.7,74.41,,
95,"Natural Gas, Henry Hub-I",1.84,2016-02-22,0.6097655716208943,59.95,68.35,rain,
96,"Natural Gas, Henry Hub-I",1.83,2016-02-23,0.6043159668533296,46.58,69.57,rain,
97,"Natural Gas, Henry Hub-I",1.79,2016-02-24,0.5822156198526637,40.49,61.1,rain,
98,"Natural Gas, Henry Hub-I",1.77,2016-02-25,0.5709795465857378,39.94,68.9,,
99,"Natural Gas, Henry Hub-I",1.66,2016-02-26,0.5068176023684519,38.15,59.05,,
100,"Natural Gas, Henry Hub-I",1.62,2016-02-29,0.4824261492442928,60.26,75.45,,
101,"Natural Gas, Henry Hub-I",1.57,2016-03-01,0.45107561936021673,51.05,75.34,,
102,"Natural Gas, Henry Hub-I",1.59,2016-03-02,0.4637340162321402,60.07,70.25,,
103,"Natural Gas, Henry Hub-I",1.49,2016-03-04,0.3987761199573678,49.24,72.06,,
104,"Natural Gas, Henry Hub-I",1.52,2016-03-07,0.41871033485818504,65.16,73.44,,
105,"Natural Gas, Henry Hub-I",1.55,2016-03-08,0.4382549309311553,70.82,76.59,rain,
106,"Natural Gas, Henry Hub-I",1.57,2016-03-09,0.45107561936021673,72.57,75.99,,
107,"Natural Gas, Henry Hub-I",1.7,2016-03-10,0.5306282510621704,64.65,73.48,rain,
108,"Natural Gas, Henry Hub-I",1.72,2016-03-11,0.5423242908253617,62.77,71.57,rain,
109,"Natural Gas, Henry Hub-I",1.68,2016-03-14,0.5187937934151675,65.97,79.07,,
110,"Natural Gas, Henry Hub-I",1.78,2016-03-15,0.5766133643039938,66.9,78.74,,
111,"Natural Gas, Henry Hub-I",1.74,2016-03-16,0.5538851132264376,69.94,78.86,,
112,"Natural Gas, Henry Hub-I",1.82,2016-03-17,0.598836501088704,62.78,81.35,rain,
113,"Natural Gas, Henry Hub-I",1.84,2016-03-18,0.6097655716208943,63.43,76.31,rain,
114,"Natural Gas, Henry Hub-I",1.76,2016-03-21,0.5653138090500605,41.71,60.84,,
115,"Natural Gas, Henry Hub-I",1.75,2016-03-22,0.5596157879354227,58.9,67.94,,
116,"Natural Gas, Henry Hub-I",1.8,2016-03-23,0.5877866649021191,66.38,73.19,,
117,"Natural Gas, Henry Hub-I",1.72,2016-03-24,0.5423242908253617,47.35,77.28,rain,
118,"Natural Gas, Henry Hub-I",1.73,2016-03-28,0.5481214085096876,58.88,78.81,,
119,"Natural Gas, Henry Hub-I",1.77,2016-03-29,0.5709795465857378,65.74,76.79,rain,
120,"Natural Gas, Henry Hub-I",1.84,2016-03-30,0.6097655716208943,72.15,76.66,rain,
121,"Natural Gas, Henry Hub-I",1.93,2016-03-31,0.6575200029167941,66.11,78.07,,
122,"Natural Gas, Henry Hub-I",1.88,2016-04-01,0.6312717768418578,51.06,68.8,rain,
123,"Natural Gas, Henry Hub-I",1.94,2016-04-04,0.6626879730752367,53.77,78.18,,
124,"Natural Gas, Henry Hub-I",1.91,2016-04-05,0.6471032420585384,56.3,82.28,,
125,"Natural Gas, Henry Hub-I",1.86,2016-04-06,0.62057648772511,52.84,75.33,,
126,"Natural Gas, Henry Hub-I",1.93,2016-04-07,0.6575200029167941,57.52,80.11,,
127,"Natural Gas, Henry Hub-I",1.98,2016-04-08,0.6830968447064438,49.8,77.79,,
128,"Natural Gas, Henry Hub-I",1.88,2016-04-11,0.6312717768418578,71.3,78.23,,
129,"Natural Gas, Henry Hub-I",1.94,2016-04-12,0.6626879730752367,64.04,80.74,rain,
130,"Natural Gas, Henry Hub-I",1.98,2016-04-13,0.6830968447064438,65.63,75.29,rain,
131,"Natural Gas, Henry Hub-I",1.91,2016-04-14,0.6471032420585384,67.08,78.09,rain,
132,"Natural Gas, Henry Hub-I",1.72,2016-04-15,0.5423242908253617,66.12,79.4,rain,
133,"Natural Gas, Henry Hub-I",1.76,2016-04-18,0.5653138090500605,67.34,77.29,rain,
134,"Natural Gas, Henry Hub-I",1.9,2016-04-19,0.6418538861723947,67.6,74.84,,
135,"Natural Gas, Henry Hub-I",2.02,2016-04-20,0.7030975114131134,64.68,78.8,rain,
136,"Natural Gas, Henry Hub-I",1.94,2016-04-21,0.6626879730752367,60.86,79.92,rain,
137,"Natural Gas, Henry Hub-I",1.89,2016-04-22,0.636576829071551,57.99,79.78,rain,
138,"Natural Gas, Henry Hub-I",1.97,2016-04-25,0.6780335427498971,70.32,82.21,,
139,"Natural Gas, Henry Hub-I",1.88,2016-04-26,0.6312717768418578,74.94,82.7,,
140,"Natural Gas, Henry Hub-I",1.88,2016-04-27,0.6312717768418578,71.84,83.81,rain,
141,"Natural Gas, Henry Hub-I",1.89,2016-04-28,0.636576829071551,73.92,83.97,,
142,"Natural Gas, Henry Hub-I",1.91,2016-04-29,0.6471032420585384,75.18,83.19,,
143,"Natural Gas, Henry Hub-I",1.91,2016-05-02,0.6471032420585384,64.04,79.33,rain,
144,"Natural Gas, Henry Hub-I",1.92,2016-05-03,0.6523251860396901,58.2,74.94,,
145,"Natural Gas, Henry Hub-I",1.99,2016-05-04,0.688134638736401,62.13,78.62,,
146,"Natural Gas, Henry Hub-I",2.04,2016-05-05,0.712949807856125,55.24,79.29,,
147,"Natural Gas, Henry Hub-I",1.84,2016-05-06,0.6097655716208943,55.0,79.22,,
148,"Natural Gas, Henry Hub-I",1.97,2016-05-09,0.6780335427498971,72.22,78.71,,
149,"Natural Gas, Henry Hub-I",2.04,2016-05-10,0.712949807856125,70.47,83.65,,
150,"Natural Gas, Henry Hub-I",2.01,2016-05-11,0.6981347220709843,68.82,84.42,,
151,"Natural Gas, Henry Hub-I",2.0,2016-05-12,0.6931471805599453,72.07,88.68,,
152,"Natural Gas, Henry Hub-I",1.95,2016-05-13,0.6678293725756554,62.36,87.41,,
153,"Natural Gas, Henry Hub-I",1.91,2016-05-16,0.6471032420585384,66.84,77.5,rain,
154,"Natural Gas, Henry Hub-I",1.97,2016-05-17,0.6780335427498971,69.49,84.46,rain,
155,"Natural Gas, Henry Hub-I",1.91,2016-05-18,0.6471032420585384,64.53,79.72,,
156,"Natural Gas, Henry Hub-I",1.82,2016-05-19,0.598836501088704,67.34,82.5,rain,
157,"Natural Gas, Henry Hub-I",1.81,2016-05-20,0.5933268452777344,68.26,84.51,rain,
158,"Natural Gas, Henry Hub-I",1.95,2016-05-23,0.6678293725756554,70.23,86.64,,
159,"Natural Gas, Henry Hub-I",1.91,2016-05-24,0.6471032420585384,74.92,86.99,,
160,"Natural Gas, Henry Hub-I",1.77,2016-05-25,0.5709795465857378,75.12,86.65,,
161,"Natural Gas, Henry Hub-I",1.75,2016-05-26,0.5596157879354227,76.35,86.4,,
162,"Natural Gas, Henry Hub-I",1.79,2016-05-27,0.5822156198526637,66.78,84.35,rain,
163,"Natural Gas, Henry Hub-I",2.09,2016-05-31,0.7371640659767196,73.11,88.16,,
164,"Natural Gas, Henry Hub-I",2.26,2016-06-01,0.8153648132841944,72.94,80.75,rain,
165,"Natural Gas, Henry Hub-I",2.3,2016-06-02,0.8329091229351039,71.82,86.49,rain,
166,"Natural Gas, Henry Hub-I",2.31,2016-06-03,0.8372475245337022,71.21,81.45,rain,
167,"Natural Gas, Henry Hub-I",2.32,2016-06-06,0.8415671856782185,72.95,90.43,rain,
168,"Natural Gas, Henry Hub-I",2.28,2016-06-07,0.8241754429663494,72.46,88.41,,
169,"Natural Gas, Henry Hub-I",2.33,2016-06-08,0.8458682675776092,75.37,92.08,,
170,"Natural Gas, Henry Hub-I",2.31,2016-06-09,0.8372475245337022,73.84,89.92,,
171,"Natural Gas, Henry Hub-I",2.41,2016-06-10,0.8796267475025636,75.31,86.8,rain,
172,"Natural Gas, Henry Hub-I",2.52,2016-06-13,0.9242589015233319,75.65,82.73,rain,
173,"Natural Gas, Henry Hub-I",2.52,2016-06-14,0.9242589015233319,76.71,89.24,rain,
174,"Natural Gas, Henry Hub-I",2.62,2016-06-15,0.9631743177730056,75.63,92.27,,
175,"Natural Gas, Henry Hub-I",2.61,2016-06-16,0.959350221334602,77.37,93.28,,
176,"Natural Gas, Henry Hub-I",2.58,2016-06-17,0.9477893989335261,77.91,94.02,,
177,"Natural Gas, Henry Hub-I",2.73,2016-06-20,1.0043016091968684,73.61,90.5,rain,
178,"Natural Gas, Henry Hub-I",2.76,2016-06-21,1.0152306797290584,75.12,88.68,rain,
179,"Natural Gas, Henry Hub-I",2.78,2016-06-22,1.0224509277025455,73.57,89.52,,
180,"Natural Gas, Henry Hub-I",2.68,2016-06-23,0.9858167945227654,73.29,89.55,,
181,"Natural Gas, Henry Hub-I",2.67,2016-06-24,0.9820784724121582,75.84,91.72,,
182,"Natural Gas, Henry Hub-I",2.76,2016-06-27,1.0152306797290584,75.87,92.88,rain,
183,"Natural Gas, Henry Hub-I",2.86,2016-06-28,1.0508216248317612,72.49,89.57,rain,
184,"Natural Gas, Henry Hub-I",2.93,2016-06-29,1.075002423028976,73.19,90.39,rain,
185,"Natural Gas, Henry Hub-I",2.9,2016-06-30,1.0647107369924282,74.34,91.46,rain,
186,"Natural Gas, Henry Hub-I",2.87,2016-07-01,1.0543120297715298,76.04,94.95,,
187,"Natural Gas, Henry Hub-I",2.82,2016-07-05,1.0367368849500223,80.56,92.35,,
188,"Natural Gas, Henry Hub-I",2.75,2016-07-06,1.0116009116784799,77.53,88.74,rain,
189,"Natural Gas, Henry Hub-I",2.85,2016-07-07,1.0473189942805592,76.95,92.77,,
190,"Natural Gas, Henry Hub-I",2.77,2016-07-08,1.0188473201992472,75.6,93.24,,
191,"Natural Gas, Henry Hub-I",2.85,2016-07-11,1.0473189942805592,74.7,91.76,rain,
192,"Natural Gas, Henry Hub-I",2.75,2016-07-12,1.0116009116784799,76.67,93.03,,
193,"Natural Gas, Henry Hub-I",2.81,2016-07-13,1.0331844833456545,77.68,90.55,rain,
194,"Natural Gas, Henry Hub-I",2.77,2016-07-14,1.0188473201992472,74.91,85.46,rain,
195,"Natural Gas, Henry Hub-I",2.67,2016-07-15,0.9820784724121582,73.24,85.86,rain,
196,"Natural Gas, Henry Hub-I",2.81,2016-07-18,1.0331844833456545,75.5,89.23,rain,
197,"Natural Gas, Henry Hub-I",2.81,2016-07-19,1.0331844833456545,75.84,90.45,rain,
198,"Natural Gas, Henry Hub-I",2.72,2016-07-20,1.000631880307906,77.73,93.91,,
199,"Natural Gas, Henry Hub-I",2.7,2016-07-21,0.9932517730102834,76.07,93.93,rain,
200,"Natural Gas, Henry Hub-I",2.78,2016-07-22,1.0224509277025455,76.54,92.08,rain,
201,"Natural Gas, Henry Hub-I",2.81,2016-07-25,1.0331844833456545,74.42,91.37,rain,
202,"Natural Gas, Henry Hub-I",2.72,2016-07-26,1.000631880307906,73.93,87.88,rain,
203,"Natural Gas, Henry Hub-I",2.8,2016-07-27,1.0296194171811581,75.92,83.71,rain,
204,"Natural Gas, Henry Hub-I",2.76,2016-07-28,1.0152306797290584,73.79,90.67,rain,
205,"Natural Gas, Henry Hub-I",2.94,2016-07-29,1.0784095813505903,75.8,92.81,rain,
206,"Natural Gas, Henry Hub-I",2.87,2016-08-01,1.0543120297715298,76.52,89.38,rain,
207,"Natural Gas, Henry Hub-I",2.79,2016-08-02,1.0260415958332743,78.18,93.34,,
208,"Natural Gas, Henry Hub-I",2.88,2016-08-03,1.0577902941478545,76.17,91.14,,
209,"Natural Gas, Henry Hub-I",2.89,2016-08-04,1.0612565021243408,76.23,94.14,,
210,"Natural Gas, Henry Hub-I",2.85,2016-08-05,1.0473189942805592,75.47,92.61,rain,
211,"Natural Gas, Henry Hub-I",2.83,2016-08-08,1.0402767116551463,76.71,92.04,rain,
212,"Natural Gas, Henry Hub-I",2.75,2016-08-09,1.0116009116784799,76.56,90.72,rain,
213,"Natural Gas, Henry Hub-I",2.73,2016-08-10,1.0043016091968684,75.81,88.89,rain,
214,"Natural Gas, Henry Hub-I",2.67,2016-08-11,0.9820784724121582,76.44,83.74,rain,
215,"Natural Gas, Henry Hub-I",2.7,2016-08-12,0.9932517730102834,73.08,77.27,rain,
216,"Natural Gas, Henry Hub-I",2.71,2016-08-15,0.9969486348916096,75.74,89.73,,
217,"Natural Gas, Henry Hub-I",2.71,2016-08-16,0.9969486348916096,73.41,88.93,rain,
218,"Natural Gas, Henry Hub-I",2.71,2016-08-17,0.9969486348916096,74.37,86.98,rain,
219,"Natural Gas, Henry Hub-I",2.71,2016-08-18,0.9969486348916096,75.42,87.2,rain,
220,"Natural Gas, Henry Hub-I",2.64,2016-08-19,0.9707789171582248,75.8,90.21,rain,
221,"Natural Gas, Henry Hub-I",2.74,2016-08-22,1.007957920399979,74.86,89.29,rain,
222,"Natural Gas, Henry Hub-I",2.71,2016-08-23,0.9969486348916096,76.8,92.21,,
223,"Natural Gas, Henry Hub-I",2.77,2016-08-24,1.0188473201992472,76.85,92.11,rain,
224,"Natural Gas, Henry Hub-I",2.86,2016-08-25,1.0508216248317612,75.32,90.4,rain,
225,"Natural Gas, Henry Hub-I",2.87,2016-08-26,1.0543120297715298,77.29,87.64,,
226,"Natural Gas, Henry Hub-I",2.95,2016-08-29,1.0818051703517284,72.96,83.69,rain,
227,"Natural Gas, Henry Hub-I",2.92,2016-08-30,1.0715836162801904,74.99,92.46,rain,
228,"Natural Gas, Henry Hub-I",2.94,2016-08-31,1.0784095813505903,76.17,93.07,,
229,"Natural Gas, Henry Hub-I",2.91,2016-09-01,1.0681530811834012,75.75,94.72,,
230,"Natural Gas, Henry Hub-I",2.85,2016-09-02,1.0473189942805592,71.67,92.16,,
231,"Natural Gas, Henry Hub-I",2.82,2016-09-06,1.0367368849500223,74.77,90.52,rain,
232,"Natural Gas, Henry Hub-I",2.82,2016-09-07,1.0367368849500223,73.88,91.45,rain,
233,"Natural Gas, Henry Hub-I",2.84,2016-09-08,1.0438040521731147,74.06,90.13,,
234,"Natural Gas, Henry Hub-I",2.92,2016-09-09,1.0715836162801904,75.03,90.48,,
235,"Natural Gas, Henry Hub-I",2.99,2016-09-12,1.095273387402595,72.91,86.65,rain,
236,"Natural Gas, Henry Hub-I",3.06,2016-09-13,1.1184149159642893,73.67,90.02,rain,
237,"Natural Gas, Henry Hub-I",3.04,2016-09-14,1.1118575154181303,74.2,90.85,rain,
238,"Natural Gas, Henry Hub-I",2.95,2016-09-15,1.0818051703517284,75.03,87.51,rain,
239,"Natural Gas, Henry Hub-I",2.94,2016-09-16,1.0784095813505903,76.48,83.36,rain,
240,"Natural Gas, Henry Hub-I",2.97,2016-09-19,1.0885619528146082,72.2,93.3,,
241,"Natural Gas, Henry Hub-I",3.08,2016-09-20,1.1249295969854831,71.65,91.67,,
242,"Natural Gas, Henry Hub-I",3.14,2016-09-21,1.144222799920162,74.26,92.33,rain,
243,"Natural Gas, Henry Hub-I",3.14,2016-09-22,1.144222799920162,74.12,89.95,rain,
244,"Natural Gas, Henry Hub-I",3.04,2016-09-23,1.1118575154181303,72.43,90.35,,
245,"Natural Gas, Henry Hub-I",3.05,2016-09-26,1.1151415906193203,70.02,91.17,rain,
246,"Natural Gas, Henry Hub-I",3.03,2016-09-27,1.1085626195212777,68.1,87.26,,
247,"Natural Gas, Henry Hub-I",2.98,2016-09-28,1.091923300517313,64.68,87.66,,
248,"Natural Gas, Henry Hub-I",2.95,2016-09-29,1.0818051703517284,55.72,82.98,,
249,"Natural Gas, Henry Hub-I",2.84,2016-09-30,1.0438040521731147,58.94,81.38,,
250,"Natural Gas, Henry Hub-I",2.81,2016-10-03,1.0331844833456545,64.43,84.79,,
251,"Natural Gas, Henry Hub-I",2.83,2016-10-04,1.0402767116551463,72.72,87.18,rain,
252,"Natural Gas, Henry Hub-I",2.86,2016-10-05,1.0508216248317612,66.94,89.26,rain,
253,"Natural Gas, Henry Hub-I",2.99,2016-10-06,1.095273387402595,68.9,88.77,,
254,"Natural Gas, Henry Hub-I",2.96,2016-10-07,1.085189268335969,67.55,89.98,,
255,"Natural Gas, Henry Hub-I",3.14,2016-10-10,1.144222799920162,65.33,85.82,,
256,"Natural Gas, Henry Hub-I",3.14,2016-10-11,1.144222799920162,66.23,84.65,,
257,"Natural Gas, Henry Hub-I",3.17,2016-10-12,1.1537315878891892,64.49,86.56,,
258,"Natural Gas, Henry Hub-I",3.16,2016-10-13,1.1505720275988207,61.39,85.97,,
259,"Natural Gas, Henry Hub-I",3.13,2016-10-14,1.1410330045520618,65.18,85.19,,
260,"Natural Gas, Henry Hub-I",3.16,2016-10-17,1.1505720275988207,68.06,87.26,,
261,"Natural Gas, Henry Hub-I",3.22,2016-10-18,1.169381359556317,68.86,88.41,,
262,"Natural Gas, Henry Hub-I",3.14,2016-10-19,1.144222799920162,72.22,85.5,rain,
263,"Natural Gas, Henry Hub-I",3.09,2016-10-20,1.128171090909654,57.53,85.09,rain,
264,"Natural Gas, Henry Hub-I",2.87,2016-10-21,1.0543120297715298,47.47,74.01,,
265,"Natural Gas, Henry Hub-I",2.75,2016-10-24,1.0116009116784799,51.0,77.91,,
266,"Natural Gas, Henry Hub-I",2.67,2016-10-25,0.9820784724121582,56.5,81.02,,
267,"Natural Gas, Henry Hub-I",2.68,2016-10-26,0.9858167945227654,63.66,82.07,,
268,"Natural Gas, Henry Hub-I",2.69,2016-10-27,0.9895411936137477,61.32,84.39,,
269,"Natural Gas, Henry Hub-I",2.65,2016-10-28,0.9745596399981308,57.27,83.78,,
270,"Natural Gas, Henry Hub-I",2.8,2016-10-31,1.0296194171811581,60.43,85.88,,
271,"Natural Gas, Henry Hub-I",2.53,2016-11-01,0.9282193027394288,66.3,83.71,,
272,"Natural Gas, Henry Hub-I",2.27,2016-11-02,0.8197798314933114,65.03,82.81,,
273,"Natural Gas, Henry Hub-I",2.36,2016-11-03,0.8586616190375187,63.0,84.5,,
274,"Natural Gas, Henry Hub-I",2.19,2016-11-04,0.7839015438284094,59.53,85.15,,
275,"Natural Gas, Henry Hub-I",2.33,2016-11-07,0.8458682675776092,65.41,64.98,rain,
276,"Natural Gas, Henry Hub-I",2.32,2016-11-08,0.8415671856782185,64.31,74.5,,
277,"Natural Gas, Henry Hub-I",2.22,2016-11-09,0.7975071958841882,53.55,74.29,,
278,"Natural Gas, Henry Hub-I",2.08,2016-11-10,0.7323678937132266,53.47,70.53,,
279,"Natural Gas, Henry Hub-I",2.03,2016-11-11,0.7080357930536959,50.1,70.84,,
280,"Natural Gas, Henry Hub-I",2.22,2016-11-14,0.7975071958841882,50.51,72.96,,
281,"Natural Gas, Henry Hub-I",2.49,2016-11-15,0.9122827104766164,51.28,79.42,,
282,"Natural Gas, Henry Hub-I",2.53,2016-11-16,0.9282193027394288,51.12,80.18,,
283,"Natural Gas, Henry Hub-I",2.33,2016-11-17,0.8458682675776092,61.21,79.57,,
284,"Natural Gas, Henry Hub-I",2.58,2016-11-18,0.9477893989335261,47.31,81.7,rain,
285,"Natural Gas, Henry Hub-I",2.8,2016-11-21,1.0296194171811581,48.72,69.5,,
286,"Natural Gas, Henry Hub-I",2.74,2016-11-22,1.007957920399979,61.58,74.96,,
287,"Natural Gas, Henry Hub-I",2.74,2016-11-23,1.007957920399979,50.73,76.86,rain,
288,"Natural Gas, Henry Hub-I",2.91,2016-11-28,1.0681530811834012,71.11,76.95,rain,
289,"Natural Gas, Henry Hub-I",3.03,2016-11-29,1.1085626195212777,61.6,80.49,rain,
290,"Natural Gas, Henry Hub-I",3.29,2016-11-30,1.1908875647772805,41.4,66.11,rain,
291,"Natural Gas, Henry Hub-I",3.42,2016-12-01,1.2296405510745139,46.55,63.01,,
292,"Natural Gas, Henry Hub-I",3.41,2016-12-02,1.2267122912954254,51.54,66.18,rain,
293,"Natural Gas, Henry Hub-I",3.6,2016-12-05,1.2809338454620642,52.82,62.05,rain,
294,"Natural Gas, Henry Hub-I",3.71,2016-12-06,1.3110318766193438,53.76,66.64,,
295,"Natural Gas, Henry Hub-I",3.76,2016-12-07,1.324418957401803,49.37,63.75,,
296,"Natural Gas, Henry Hub-I",3.66,2016-12-08,1.297463147413275,35.75,51.5,rain,
297,"Natural Gas, Henry Hub-I",3.75,2016-12-09,1.3217558399823195,33.02,50.14,,
298,"Natural Gas, Henry Hub-I",3.57,2016-12-12,1.2725655957915476,69.77,77.09,rain,
299,"Natural Gas, Henry Hub-I",3.6,2016-12-13,1.2809338454620642,55.35,77.9,rain,
300,"Natural Gas, Henry Hub-I",3.52,2016-12-14,1.2584609896100056,43.97,58.25,,
301,"Natural Gas, Henry Hub-I",3.55,2016-12-15,1.2669476034873244,40.75,55.31,,
302,"Natural Gas, Henry Hub-I",3.46,2016-12-16,1.2412685890696329,67.76,68.47,,
303,"Natural Gas, Henry Hub-I",3.52,2016-12-19,1.2584609896100056,30.71,44.31,,
304,"Natural Gas, Henry Hub-I",3.36,2016-12-20,1.2119409739751128,43.96,56.88,,
305,"Natural Gas, Henry Hub-I",3.48,2016-12-21,1.247032293786383,59.75,66.9,,
306,"Natural Gas, Henry Hub-I",3.57,2016-12-22,1.2725655957915476,60.24,67.94,,
307,"Natural Gas, Henry Hub-I",3.59,2016-12-23,1.2781522025001875,62.98,74.14,,
308,"Natural Gas, Henry Hub-I",3.67,2016-12-27,1.3001916620664788,66.76,78.72,,
309,"Natural Gas, Henry Hub-I",3.66,2016-12-28,1.297463147413275,66.3,75.64,,
310,"Natural Gas, Henry Hub-I",3.68,2016-12-29,1.3029127521808397,41.09,70.47,,
311,"Natural Gas, Henry Hub-I",3.68,2016-12-30,1.3029127521808397,50.0,53.85,,
312,"Natural Gas, Henry Hub-I",3.39,2017-01-03,1.220829921392359,53.04,73.81,,
313,"Natural Gas, Henry Hub-I",3.37,2017-01-04,1.2149127443642704,44.77,60.18,,
314,"Natural Gas, Henry Hub-I",3.3,2017-01-05,1.1939224684724346,36.76,67.29,rain,
315,"Natural Gas, Henry Hub-I",3.32,2017-01-06,1.199964782928397,23.2,38.08,rain,
316,"Natural Gas, Henry Hub-I",3.12,2017-01-09,1.1378330018213911,54.96,61.71,,
317,"Natural Gas, Henry Hub-I",3.21,2017-01-10,1.1662709371419244,61.87,74.01,,
318,"Natural Gas, Henry Hub-I",3.28,2017-01-11,1.1878434223960523,63.61,75.09,,
319,"Natural Gas, Henry Hub-I",3.32,2017-01-12,1.199964782928397,64.81,77.46,,
320,"Natural Gas, Henry Hub-I",3.36,2017-01-13,1.2119409739751128,60.48,77.34,,
321,"Natural Gas, Henry Hub-I",3.31,2017-01-17,1.1969481893889715,67.58,76.48,,
322,"Natural Gas, Henry Hub-I",3.25,2017-01-18,1.1786549963416462,66.94,76.2,,
323,"Natural Gas, Henry Hub-I",3.21,2017-01-19,1.1662709371419244,61.58,67.63,rain,
324,"Natural Gas, Henry Hub-I",3.21,2017-01-20,1.1662709371419244,62.88,76.82,rain,
325,"Natural Gas, Henry Hub-I",3.15,2017-01-23,1.1474024528375417,45.48,65.98,,
326,"Natural Gas, Henry Hub-I",3.25,2017-01-24,1.1786549963416462,60.75,71.39,,
327,"Natural Gas, Henry Hub-I",3.25,2017-01-25,1.1786549963416462,49.17,76.14,rain,
328,"Natural Gas, Henry Hub-I",3.42,2017-01-26,1.2296405510745139,38.96,56.81,,
329,"Natural Gas, Henry Hub-I",3.29,2017-01-27,1.1908875647772805,44.56,53.36,,
330,"Natural Gas, Henry Hub-I",3.2,2017-01-30,1.1631508098056809,49.94,72.54,,
331,"Natural Gas, Henry Hub-I",3.0,2017-01-31,1.0986122886681098,57.52,72.02,,
332,"Natural Gas, Henry Hub-I",3.12,2017-02-01,1.1378330018213911,56.31,75.44,,
333,"Natural Gas, Henry Hub-I",3.1,2017-02-02,1.1314021114911006,46.85,77.15,rain,
334,"Natural Gas, Henry Hub-I",3.0,2017-02-03,1.0986122886681098,41.82,60.6,,
335,"Natural Gas, Henry Hub-I",2.92,2017-02-06,1.0715836162801904,66.27,74.92,,
336,"Natural Gas, Henry Hub-I",3.04,2017-02-07,1.1118575154181303,68.45,76.59,rain,
337,"Natural Gas, Henry Hub-I",3.05,2017-02-08,1.1151415906193203,51.03,78.75,,
338,"Natural Gas, Henry Hub-I",3.1,2017-02-09,1.1314021114911006,46.28,67.91,,
339,"Natural Gas, Henry Hub-I",2.93,2017-02-10,1.075002423028976,66.78,72.71,,
340,"Natural Gas, Henry Hub-I",2.91,2017-02-13,1.0681530811834012,60.81,70.58,,
341,"Natural Gas, Henry Hub-I",2.86,2017-02-14,1.0508216248317612,49.12,73.9,rain,
342,"Natural Gas, Henry Hub-I",2.92,2017-02-15,1.0715836162801904,39.52,57.69,,
343,"Natural Gas, Henry Hub-I",2.82,2017-02-16,1.0367368849500223,46.58,66.18,,
344,"Natural Gas, Henry Hub-I",2.75,2017-02-17,1.0116009116784799,53.67,59.94,rain,
345,"Natural Gas, Henry Hub-I",2.52,2017-02-21,0.9242589015233319,58.08,68.72,rain,
346,"Natural Gas, Henry Hub-I",2.53,2017-02-22,0.9282193027394288,52.65,73.08,rain,
347,"Natural Gas, Henry Hub-I",2.6,2017-02-23,0.9555114450274363,60.71,76.23,rain,
348,"Natural Gas, Henry Hub-I",2.49,2017-02-24,0.9122827104766164,52.25,76.78,rain,
349,"Natural Gas, Henry Hub-I",2.44,2017-02-27,0.8919980393051105,70.38,77.86,rain,
350,"Natural Gas, Henry Hub-I",2.51,2017-02-28,0.9202827531436925,70.96,77.77,,
351,"Natural Gas, Henry Hub-I",2.6,2017-03-01,0.9555114450274363,53.03,81.28,rain,
352,"Natural Gas, Henry Hub-I",2.59,2017-03-02,0.9516578757114463,44.63,65.94,,
353,"Natural Gas, Henry Hub-I",2.51,2017-03-03,0.9202827531436925,47.56,70.16,,
354,"Natural Gas, Henry Hub-I",2.68,2017-03-06,0.9858167945227654,69.89,74.06,,
355,"Natural Gas, Henry Hub-I",2.58,2017-03-07,0.9477893989335261,56.77,77.63,rain,
356,"Natural Gas, Henry Hub-I",2.69,2017-03-08,0.9895411936137477,60.26,71.7,,
357,"Natural Gas, Henry Hub-I",2.83,2017-03-09,1.0402767116551463,66.98,77.24,,
358,"Natural Gas, Henry Hub-I",2.98,2017-03-10,1.091923300517313,64.12,78.15,rain,
359,"Natural Gas, Henry Hub-I",3.06,2017-03-13,1.1184149159642893,43.22,64.61,,
360,"Natural Gas, Henry Hub-I",3.04,2017-03-14,1.1118575154181303,42.76,60.66,,
361,"Natural Gas, Henry Hub-I",3.0,2017-03-15,1.0986122886681098,43.55,61.01,,
362,"Natural Gas, Henry Hub-I",2.85,2017-03-16,1.0473189942805592,55.69,64.79,,
363,"Natural Gas, Henry Hub-I",2.82,2017-03-17,1.0367368849500223,55.72,74.97,,
364,"Natural Gas, Henry Hub-I",2.92,2017-03-20,1.0715836162801904,63.64,81.23,rain,
365,"Natural Gas, Henry Hub-I",3.06,2017-03-21,1.1184149159642893,63.08,81.46,rain,
366,"Natural Gas, Henry Hub-I",2.98,2017-03-22,1.091923300517313,62.42,83.74,rain,
367,"Natural Gas, Henry Hub-I",2.93,2017-03-23,1.075002423028976,68.19,84.6,,
368,"Natural Gas, Henry Hub-I",2.92,2017-03-24,1.0715836162801904,61.5,77.31,,
369,"Natural Gas, Henry Hub-I",2.95,2017-03-27,1.0818051703517284,70.07,79.51,,
370,"Natural Gas, Henry Hub-I",2.93,2017-03-28,1.075002423028976,69.92,81.88,,
371,"Natural Gas, Henry Hub-I",3.03,2017-03-29,1.1085626195212777,65.11,79.97,rain,
372,"Natural Gas, Henry Hub-I",3.07,2017-03-30,1.1216775615991057,54.72,75.71,rain,
373,"Natural Gas, Henry Hub-I",3.1,2017-03-31,1.1314021114911006,59.2,79.12,,
374,"Natural Gas, Henry Hub-I",3.05,2017-04-03,1.1151415906193203,58.75,80.96,rain,
375,"Natural Gas, Henry Hub-I",3.07,2017-04-04,1.1216775615991057,71.67,84.4,rain,
376,"Natural Gas, Henry Hub-I",3.21,2017-04-05,1.1662709371419244,52.18,79.88,,
377,"Natural Gas, Henry Hub-I",3.23,2017-04-06,1.172482137234565,48.21,72.73,,
378,"Natural Gas, Henry Hub-I",3.2,2017-04-07,1.1631508098056809,51.37,74.67,,
379,"Natural Gas, Henry Hub-I",3.15,2017-04-10,1.1474024528375417,64.59,78.41,,
380,"Natural Gas, Henry Hub-I",3.08,2017-04-11,1.1249295969854831,62.69,81.34,,
381,"Natural Gas, Henry Hub-I",2.99,2017-04-12,1.095273387402595,60.48,81.74,,
382,"Natural Gas, Henry Hub-I",2.98,2017-04-13,1.091923300517313,61.39,83.26,,
383,"Natural Gas, Henry Hub-I",3.06,2017-04-17,1.1184149159642893,66.86,78.43,rain,
384,"Natural Gas, Henry Hub-I",3.06,2017-04-18,1.1184149159642893,66.16,81.9,rain,
385,"Natural Gas, Henry Hub-I",3.12,2017-04-19,1.1378330018213911,68.93,81.88,rain,
386,"Natural Gas, Henry Hub-I",3.1,2017-04-20,1.1314021114911006,68.08,84.88,,
387,"Natural Gas, Henry Hub-I",3.04,2017-04-21,1.1118575154181303,66.7,83.44,,
388,"Natural Gas, Henry Hub-I",2.98,2017-04-24,1.091923300517313,55.65,78.89,,
389,"Natural Gas, Henry Hub-I",2.96,2017-04-25,1.085189268335969,71.55,78.22,,
390,"Natural Gas, Henry Hub-I",3.02,2017-04-26,1.1052568313867783,59.38,80.81,rain,
391,"Natural Gas, Henry Hub-I",3.07,2017-04-27,1.1216775615991057,72.63,83.54,,
392,"Natural Gas, Henry Hub-I",3.17,2017-04-28,1.1537315878891892,77.84,83.24,,
393,"Natural Gas, Henry Hub-I",3.17,2017-05-01,1.1537315878891892,55.59,81.7,rain,
394,"Natural Gas, Henry Hub-I",3.11,2017-05-02,1.1346227261911428,65.94,85.39,,
395,"Natural Gas, Henry Hub-I",3.09,2017-05-03,1.128171090909654,58.43,70.86,rain,
396,"Natural Gas, Henry Hub-I",3.07,2017-05-04,1.1216775615991057,54.88,65.3,rain,
397,"Natural Gas, Henry Hub-I",3.07,2017-05-05,1.1216775615991057,52.71,76.04,,
398,"Natural Gas, Henry Hub-I",3.03,2017-05-08,1.1085626195212777,60.4,81.09,,
399,"Natural Gas, Henry Hub-I",3.03,2017-05-09,1.1085626195212777,63.75,81.4,,
400,"Natural Gas, Henry Hub-I",3.11,2017-05-10,1.1346227261911428,67.58,81.93,,
401,"Natural Gas, Henry Hub-I",3.2,2017-05-11,1.1631508098056809,70.89,82.95,,
402,"Natural Gas, Henry Hub-I",3.25,2017-05-12,1.1786549963416462,65.14,84.96,rain,
403,"Natural Gas, Henry Hub-I",3.27,2017-05-15,1.184789984909162,64.57,85.19,,
404,"Natural Gas, Henry Hub-I",3.23,2017-05-16,1.172482137234565,71.55,84.47,,
405,"Natural Gas, Henry Hub-I",3.16,2017-05-17,1.1505720275988207,74.11,84.8,,
406,"Natural Gas, Henry Hub-I",3.13,2017-05-18,1.1410330045520618,76.72,86.62,,
407,"Natural Gas, Henry Hub-I",2.59,2017-05-19,0.9516578757114463,76.99,87.41,,
408,"Natural Gas, Henry Hub-I",3.21,2017-05-22,1.1662709371419244,69.96,75.2,rain,
409,"Natural Gas, Henry Hub-I",3.2,2017-05-23,1.1631508098056809,63.71,81.64,rain,
410,"Natural Gas, Henry Hub-I",3.11,2017-05-24,1.1346227261911428,56.06,76.93,rain,
411,"Natural Gas, Henry Hub-I",3.06,2017-05-25,1.1184149159642893,69.17,82.92,,
412,"Natural Gas, Henry Hub-I",3.11,2017-05-26,1.1346227261911428,76.05,83.27,,
413,"Natural Gas, Henry Hub-I",3.05,2017-05-30,1.1151415906193203,70.45,75.71,rain,
414,"Natural Gas, Henry Hub-I",3.0,2017-05-31,1.0986122886681098,70.39,84.63,rain,
415,"Natural Gas, Henry Hub-I",2.93,2017-06-01,1.075002423028976,72.85,83.92,rain,
416,"Natural Gas, Henry Hub-I",2.84,2017-06-02,1.0438040521731147,74.71,85.32,rain,
417,"Natural Gas, Henry Hub-I",2.91,2017-06-05,1.0681530811834012,72.35,80.07,rain,
418,"Natural Gas, Henry Hub-I",2.96,2017-06-06,1.085189268335969,70.35,80.1,rain,
419,"Natural Gas, Henry Hub-I",2.99,2017-06-07,1.095273387402595,62.75,85.15,,
420,"Natural Gas, Henry Hub-I",2.94,2017-06-08,1.0784095813505903,63.18,84.07,,
421,"Natural Gas, Henry Hub-I",2.98,2017-06-09,1.091923300517313,66.62,85.53,,
422,"Natural Gas, Henry Hub-I",3.08,2017-06-12,1.1249295969854831,73.88,87.61,rain,
423,"Natural Gas, Henry Hub-I",3.01,2017-06-13,1.1019400787607843,75.06,85.72,rain,
424,"Natural Gas, Henry Hub-I",2.9,2017-06-14,1.0647107369924282,74.21,89.37,,
425,"Natural Gas, Henry Hub-I",2.92,2017-06-15,1.0715836162801904,74.39,89.65,rain,
426,"Natural Gas, Henry Hub-I",2.96,2017-06-16,1.085189268335969,75.18,90.71,,
427,"Natural Gas, Henry Hub-I",2.86,2017-06-19,1.0508216248317612,74.42,90.51,,
428,"Natural Gas, Henry Hub-I",2.87,2017-06-20,1.0543120297715298,71.33,81.6,rain,
429,"Natural Gas, Henry Hub-I",2.88,2017-06-21,1.0577902941478545,77.65,84.76,rain,
430,"Natural Gas, Henry Hub-I",2.85,2017-06-22,1.0473189942805592,80.43,84.58,rain,
431,"Natural Gas, Henry Hub-I",2.86,2017-06-23,1.0508216248317612,77.89,88.07,rain,
432,"Natural Gas, Henry Hub-I",2.98,2017-06-26,1.091923300517313,74.65,87.28,rain,
433,"Natural Gas, Henry Hub-I",2.98,2017-06-27,1.091923300517313,72.32,84.93,rain,
434,"Natural Gas, Henry Hub-I",3.01,2017-06-28,1.1019400787607843,73.82,78.8,rain,
435,"Natural Gas, Henry Hub-I",3.0,2017-06-29,1.0986122886681098,77.9,82.48,rain,
436,"Natural Gas, Henry Hub-I",2.94,2017-06-30,1.0784095813505903,77.03,88.31,rain,
437,"Natural Gas, Henry Hub-I",2.9,2017-07-05,1.0647107369924282,75.8,92.39,,
438,"Natural Gas, Henry Hub-I",2.88,2017-07-06,1.0577902941478545,75.21,89.79,rain,
439,"Natural Gas, Henry Hub-I",2.89,2017-07-07,1.0612565021243408,75.56,89.67,rain,
440,"Natural Gas, Henry Hub-I",2.91,2017-07-10,1.0681530811834012,73.22,86.03,rain,
441,"Natural Gas, Henry Hub-I",2.99,2017-07-11,1.095273387402595,74.02,88.23,rain,
442,"Natural Gas, Henry Hub-I",2.98,2017-07-12,1.091923300517313,75.32,90.65,,
443,"Natural Gas, Henry Hub-I",2.94,2017-07-13,1.0784095813505903,73.74,91.27,rain,
444,"Natural Gas, Henry Hub-I",2.93,2017-07-14,1.075002423028976,74.29,88.23,rain,
445,"Natural Gas, Henry Hub-I",3.02,2017-07-17,1.1052568313867783,75.5,85.69,rain,
446,"Natural Gas, Henry Hub-I",3.09,2017-07-18,1.128171090909654,74.83,89.62,rain,
447,"Natural Gas, Henry Hub-I",3.1,2017-07-19,1.1314021114911006,75.11,92.38,rain,
448,"Natural Gas, Henry Hub-I",3.1,2017-07-20,1.1314021114911006,77.54,93.36,,
449,"Natural Gas, Henry Hub-I",3.03,2017-07-21,1.1085626195212777,74.05,92.91,rain,
450,"Natural Gas, Henry Hub-I",2.96,2017-07-24,1.085189268335969,77.89,87.68,rain,
451,"Natural Gas, Henry Hub-I",2.96,2017-07-25,1.085189268335969,77.64,90.34,,
452,"Natural Gas, Henry Hub-I",2.92,2017-07-26,1.0715836162801904,74.15,93.95,,
453,"Natural Gas, Henry Hub-I",2.92,2017-07-27,1.0715836162801904,75.56,93.71,,
454,"Natural Gas, Henry Hub-I",2.92,2017-07-28,1.0715836162801904,79.49,94.37,,
455,"Natural Gas, Henry Hub-I",2.84,2017-07-31,1.0438040521731147,74.76,92.22,,
456,"Natural Gas, Henry Hub-I",2.75,2017-08-01,1.0116009116784799,73.88,90.2,,
457,"Natural Gas, Henry Hub-I",2.77,2017-08-02,1.0188473201992472,74.95,85.66,rain,
458,"Natural Gas, Henry Hub-I",2.78,2017-08-03,1.0224509277025455,75.14,84.56,rain,
459,"Natural Gas, Henry Hub-I",2.76,2017-08-04,1.0152306797290584,74.21,89.43,,
460,"Natural Gas, Henry Hub-I",2.75,2017-08-07,1.0116009116784799,74.44,88.96,rain,
461,"Natural Gas, Henry Hub-I",2.77,2017-08-08,1.0188473201992472,76.77,88.5,rain,
462,"Natural Gas, Henry Hub-I",2.85,2017-08-09,1.0473189942805592,76.16,83.7,rain,
463,"Natural Gas, Henry Hub-I",2.87,2017-08-10,1.0543120297715298,76.9,89.22,rain,
464,"Natural Gas, Henry Hub-I",2.91,2017-08-11,1.0681530811834012,77.87,88.47,rain,
465,"Natural Gas, Henry Hub-I",2.96,2017-08-14,1.085189268335969,77.45,91.97,rain,
466,"Natural Gas, Henry Hub-I",2.93,2017-08-15,1.075002423028976,77.03,87.68,rain,
467,"Natural Gas, Henry Hub-I",2.89,2017-08-16,1.0612565021243408,77.44,87.46,rain,
468,"Natural Gas, Henry Hub-I",2.88,2017-08-17,1.0577902941478545,76.02,92.92,rain,
469,"Natural Gas, Henry Hub-I",2.98,2017-08-21,1.091923300517313,74.1,91.19,,
470,"Natural Gas, Henry Hub-I",3.01,2017-08-22,1.1019400787607843,72.69,90.32,rain,
471,"Natural Gas, Henry Hub-I",2.92,2017-08-23,1.0715836162801904,76.72,91.92,,
472,"Natural Gas, Henry Hub-I",2.96,2017-08-24,1.085189268335969,76.43,90.57,rain,
473,"Natural Gas, Henry Hub-I",2.93,2017-08-25,1.075002423028976,76.69,82.53,rain,
474,"Natural Gas, Henry Hub-I",2.92,2017-08-28,1.0715836162801904,73.51,76.33,rain,
475,"Natural Gas, Henry Hub-I",2.88,2017-08-29,1.0577902941478545,76.73,81.18,rain,
476,"Natural Gas, Henry Hub-I",2.86,2017-08-30,1.0508216248317612,74.14,79.58,rain,
477,"Natural Gas, Henry Hub-I",2.89,2017-08-31,1.0612565021243408,71.88,84.5,rain,
478,"Natural Gas, Henry Hub-I",2.9,2017-09-01,1.0647107369924282,71.09,87.52,rain,
479,"Natural Gas, Henry Hub-I",2.86,2017-09-05,1.0508216248317612,70.81,89.78,rain,
480,"Natural Gas, Henry Hub-I",2.93,2017-09-06,1.075002423028976,59.7,81.91,,
481,"Natural Gas, Henry Hub-I",2.88,2017-09-07,1.0577902941478545,59.27,81.82,,
482,"Natural Gas, Henry Hub-I",2.83,2017-09-08,1.0402767116551463,60.91,83.1,,
483,"Natural Gas, Henry Hub-I",2.85,2017-09-11,1.0473189942805592,59.97,83.24,,
484,"Natural Gas, Henry Hub-I",2.89,2017-09-12,1.0612565021243408,64.1,83.21,,
485,"Natural Gas, Henry Hub-I",2.99,2017-09-13,1.095273387402595,66.31,85.24,,
486,"Natural Gas, Henry Hub-I",3.04,2017-09-14,1.1118575154181303,67.44,87.94,,
487,"Natural Gas, Henry Hub-I",2.99,2017-09-15,1.095273387402595,70.31,89.39,,
488,"Natural Gas, Henry Hub-I",3.1,2017-09-18,1.1314021114911006,73.38,91.57,,
489,"Natural Gas, Henry Hub-I",3.14,2017-09-19,1.144222799920162,74.41,90.57,,
490,"Natural Gas, Henry Hub-I",3.14,2017-09-20,1.144222799920162,71.41,89.51,rain,
491,"Natural Gas, Henry Hub-I",3.11,2017-09-21,1.1346227261911428,72.0,91.18,rain,
492,"Natural Gas, Henry Hub-I",2.95,2017-09-22,1.0818051703517284,71.5,91.51,,
493,"Natural Gas, Henry Hub-I",2.97,2017-09-25,1.0885619528146082,70.69,88.58,,
494,"Natural Gas, Henry Hub-I",2.95,2017-09-26,1.0818051703517284,72.2,89.9,,
495,"Natural Gas, Henry Hub-I",2.95,2017-09-27,1.0818051703517284,73.82,90.86,,
496,"Natural Gas, Henry Hub-I",2.92,2017-09-28,1.0715836162801904,71.7,90.93,rain,
497,"Natural Gas, Henry Hub-I",2.89,2017-09-29,1.0612565021243408,65.45,90.29,,
498,"Natural Gas, Henry Hub-I",2.81,2017-10-02,1.0331844833456545,75.52,83.23,rain,
499,"Natural Gas, Henry Hub-I",2.72,2017-10-03,1.000631880307906,68.56,87.94,rain,
500,"Natural Gas, Henry Hub-I",2.81,2017-10-04,1.0331844833456545,66.86,86.56,,
501,"Natural Gas, Henry Hub-I",2.91,2017-10-05,1.0681530811834012,64.94,86.31,,
502,"Natural Gas, Henry Hub-I",2.92,2017-10-06,1.0715836162801904,75.41,88.2,,
503,"Natural Gas, Henry Hub-I",2.86,2017-10-09,1.0508216248317612,76.33,83.68,rain,
504,"Natural Gas, Henry Hub-I",2.9,2017-10-10,1.0647107369924282,67.77,89.06,rain,
505,"Natural Gas, Henry Hub-I",2.93,2017-10-11,1.075002423028976,68.75,87.2,,
506,"Natural Gas, Henry Hub-I",2.91,2017-10-12,1.0681530811834012,68.93,89.14,,
507,"Natural Gas, Henry Hub-I",3.01,2017-10-13,1.1019400787607843,71.23,90.18,,
508,"Natural Gas, Henry Hub-I",2.87,2017-10-16,1.0543120297715298,49.51,74.91,,
509,"Natural Gas, Henry Hub-I",2.89,2017-10-17,1.0612565021243408,55.02,77.37,,
510,"Natural Gas, Henry Hub-I",2.81,2017-10-18,1.0331844833456545,57.56,81.83,,
511,"Natural Gas, Henry Hub-I",2.81,2017-10-19,1.0331844833456545,67.37,82.73,,
512,"Natural Gas, Henry Hub-I",2.77,2017-10-20,1.0188473201992472,72.35,78.73,,
513,"Natural Gas, Henry Hub-I",2.94,2017-10-23,1.0784095813505903,53.6,74.1,rain,
514,"Natural Gas, Henry Hub-I",2.92,2017-10-24,1.0715836162801904,44.53,73.61,,
515,"Natural Gas, Henry Hub-I",2.93,2017-10-25,1.075002423028976,47.57,70.16,,
516,"Natural Gas, Henry Hub-I",2.89,2017-10-26,1.0612565021243408,59.44,77.26,,
517,"Natural Gas, Henry Hub-I",2.78,2017-10-27,1.0224509277025455,47.02,79.48,rain,
518,"Natural Gas, Henry Hub-I",2.87,2017-10-30,1.0543120297715298,54.47,74.6,,
519,"Natural Gas, Henry Hub-I",2.77,2017-10-31,1.0188473201992472,62.56,76.65,,
520,"Natural Gas, Henry Hub-I",2.69,2017-11-02,0.9895411936137477,69.48,82.17,rain,
521,"Natural Gas, Henry Hub-I",2.74,2017-11-03,1.007957920399979,69.83,83.06,,
522,"Natural Gas, Henry Hub-I",3.03,2017-11-06,1.1085626195212777,68.64,84.53,,
523,"Natural Gas, Henry Hub-I",3.08,2017-11-07,1.1249295969854831,64.62,83.25,,
524,"Natural Gas, Henry Hub-I",3.15,2017-11-08,1.1474024528375417,53.27,66.25,,
525,"Natural Gas, Henry Hub-I",3.18,2017-11-09,1.1568811967920856,46.85,59.63,rain,
526,"Natural Gas, Henry Hub-I",3.14,2017-11-10,1.144222799920162,47.13,69.0,,
527,"Natural Gas, Henry Hub-I",3.12,2017-11-13,1.1378330018213911,53.4,75.31,,
528,"Natural Gas, Henry Hub-I",3.08,2017-11-14,1.1249295969854831,52.3,73.2,,
529,"Natural Gas, Henry Hub-I",3.11,2017-11-15,1.1346227261911428,54.73,76.56,,
530,"Natural Gas, Henry Hub-I",3.05,2017-11-16,1.1151415906193203,57.09,77.76,,
531,"Natural Gas, Henry Hub-I",3.05,2017-11-17,1.1151415906193203,66.92,77.86,,
532,"Natural Gas, Henry Hub-I",3.05,2017-11-20,1.1151415906193203,46.6,62.07,,
533,"Natural Gas, Henry Hub-I",3.05,2017-11-21,1.1151415906193203,52.96,70.89,rain,
534,"Natural Gas, Henry Hub-I",2.93,2017-11-22,1.075002423028976,36.08,64.45,rain,
535,"Natural Gas, Henry Hub-I",2.82,2017-11-27,1.0367368849500223,42.61,69.54,,
536,"Natural Gas, Henry Hub-I",2.91,2017-11-28,1.0681530811834012,58.47,75.02,,
537,"Natural Gas, Henry Hub-I",3.06,2017-11-29,1.1184149159642893,65.14,79.22,,
538,"Natural Gas, Henry Hub-I",2.94,2017-11-30,1.0784095813505903,49.82,73.75,rain,
539,"Natural Gas, Henry Hub-I",2.84,2017-12-01,1.0438040521731147,48.31,71.91,,
540,"Natural Gas, Henry Hub-I",2.9,2017-12-04,1.0647107369924282,68.38,77.91,rain,
541,"Natural Gas, Henry Hub-I",2.86,2017-12-05,1.0508216248317612,42.61,80.92,rain,
542,"Natural Gas, Henry Hub-I",2.92,2017-12-06,1.0715836162801904,41.49,44.08,rain,
543,"Natural Gas, Henry Hub-I",2.81,2017-12-07,1.0331844833456545,33.01,43.92,rain,
544,"Natural Gas, Henry Hub-I",2.75,2017-12-08,1.0116009116784799,28.88,35.94,rain,
545,"Natural Gas, Henry Hub-I",2.8,2017-12-11,1.0296194171811581,46.89,69.37,,
546,"Natural Gas, Henry Hub-I",2.82,2017-12-12,1.0367368849500223,32.97,61.3,,
547,"Natural Gas, Henry Hub-I",2.67,2017-12-13,0.9820784724121582,40.6,60.27,,
548,"Natural Gas, Henry Hub-I",2.67,2017-12-14,0.9820784724121582,46.77,65.08,,
549,"Natural Gas, Henry Hub-I",2.62,2017-12-15,0.9631743177730056,42.6,48.41,rain,
550,"Natural Gas, Henry Hub-I",2.71,2017-12-18,0.9969486348916096,64.66,65.87,rain,
551,"Natural Gas, Henry Hub-I",2.74,2017-12-19,1.007957920399979,66.42,75.78,rain,
552,"Natural Gas, Henry Hub-I",2.7,2017-12-20,0.9932517730102834,51.89,77.95,rain,
553,"Natural Gas, Henry Hub-I",2.6,2017-12-21,0.9555114450274363,67.93,71.97,rain,
554,"Natural Gas, Henry Hub-I",2.61,2017-12-22,0.959350221334602,53.53,78.29,,
555,"Natural Gas, Henry Hub-I",2.7,2017-12-26,0.9932517730102834,42.54,49.49,rain,
556,"Natural Gas, Henry Hub-I",2.75,2017-12-27,1.0116009116784799,35.15,43.11,rain,
557,"Natural Gas, Henry Hub-I",2.97,2017-12-28,1.0885619528146082,37.4,43.54,rain,
558,"Natural Gas, Henry Hub-I",3.58,2017-12-29,1.275362800412609,49.27,55.55,,
559,"Natural Gas, Henry Hub-I",6.88,2018-01-03,1.9286186519452522,24.67,41.35,snow,0
560,"Natural Gas, Henry Hub-I",4.42,2018-01-04,1.4861396960896067,30.29,48.21,rain,
561,"Natural Gas, Henry Hub-I",2.9,2018-01-05,1.0647107369924282,32.79,49.54,,
562,"Natural Gas, Henry Hub-I",2.87,2018-01-08,1.0543120297715298,49.38,63.65,rain,
563,"Natural Gas, Henry Hub-I",2.9,2018-01-09,1.0647107369924282,51.97,55.91,,
564,"Natural Gas, Henry Hub-I",3.11,2018-01-10,1.1346227261911428,58.51,62.64,,
565,"Natural Gas, Henry Hub-I",3.24,2018-01-11,1.1755733298042381,36.28,70.5,rain,
566,"Natural Gas, Henry Hub-I",4.0,2018-01-12,1.3862943611198906,30.31,41.19,rain,
567,"Natural Gas, Henry Hub-I",5.09,2018-01-16,1.6272778305624314,16.89,44.45,snow,0.237
568,"Natural Gas, Henry Hub-I",3.87,2018-01-17,1.3532545070416904,20.0,30.98,,
569,"Natural Gas, Henry Hub-I",3.38,2018-01-18,1.2178757094949273,28.89,42.64,snow,0
570,"Natural Gas, Henry Hub-I",3.18,2018-01-19,1.1568811967920856,45.83,54.07,rain,
571,"Natural Gas, Henry Hub-I",3.13,2018-01-22,1.1410330045520618,40.2,69.79,rain,
572,"Natural Gas, Henry Hub-I",3.36,2018-01-23,1.2119409739751128,40.39,62.4,,
573,"Natural Gas, Henry Hub-I",3.56,2018-01-24,1.269760544863939,34.74,59.14,,
574,"Natural Gas, Henry Hub-I",3.57,2018-01-25,1.2725655957915476,46.26,62.27,,
575,"Natural Gas, Henry Hub-I",3.52,2018-01-26,1.2584609896100056,59.69,63.95,,
576,"Natural Gas, Henry Hub-I",3.56,2018-01-29,1.269760544863939,37.93,64.34,rain,
577,"Natural Gas, Henry Hub-I",3.6,2018-01-30,1.2809338454620642,35.23,54.3,rain,
578,"Natural Gas, Henry Hub-I",3.21,2018-01-31,1.1662709371419244,55.07,64.31,,
579,"Natural Gas, Henry Hub-I",3.02,2018-02-01,1.1052568313867783,46.22,69.91,rain,
580,"Natural Gas, Henry Hub-I",2.86,2018-02-02,1.0508216248317612,45.36,55.58,rain,
581,"Natural Gas, Henry Hub-I",2.79,2018-02-05,1.0260415958332743,59.31,65.31,,
582,"Natural Gas, Henry Hub-I",2.75,2018-02-06,1.0116009116784799,66.55,74.54,rain,
583,"Natural Gas, Henry Hub-I",2.73,2018-02-07,1.0043016091968684,41.72,68.24,rain,
584,"Natural Gas, Henry Hub-I",2.71,2018-02-08,0.9969486348916096,51.91,63.37,rain,
585,"Natural Gas, Henry Hub-I",2.61,2018-02-09,0.959350221334602,65.36,74.33,rain,
586,"Natural Gas, Henry Hub-I",2.56,2018-02-12,0.9400072584914712,44.68,47.3,,
587,"Natural Gas, Henry Hub-I",2.57,2018-02-13,0.9439058989071284,63.91,71.93,rain,
588,"Natural Gas, Henry Hub-I",2.51,2018-02-14,0.9202827531436925,65.37,78.9,,
589,"Natural Gas, Henry Hub-I",2.49,2018-02-15,0.9122827104766164,67.58,78.76,rain,
590,"Natural Gas, Henry Hub-I",2.48,2018-02-16,0.9082585601768908,66.22,80.25,,
591,"Natural Gas, Henry Hub-I",2.61,2018-02-20,0.959350221334602,72.18,80.31,rain,
592,"Natural Gas, Henry Hub-I",2.65,2018-02-21,0.9745596399981308,73.14,78.66,rain,
593,"Natural Gas, Henry Hub-I",2.6,2018-02-22,0.9555114450274363,70.04,81.62,,
594,"Natural Gas, Henry Hub-I",2.55,2018-02-23,0.9360933591703348,72.17,80.22,rain,
595,"Natural Gas, Henry Hub-I",2.59,2018-02-26,0.9516578757114463,59.02,72.45,rain,
596,"Natural Gas, Henry Hub-I",2.6,2018-02-27,0.9555114450274363,69.74,76.12,,
597,"Natural Gas, Henry Hub-I",2.61,2018-02-28,0.959350221334602,70.23,79.79,,
598,"Natural Gas, Henry Hub-I",2.61,2018-03-01,0.959350221334602,57.1,77.87,,
599,"Natural Gas, Henry Hub-I",2.63,2018-03-02,0.9669838461896731,49.59,71.02,,
600,"Natural Gas, Henry Hub-I",2.67,2018-03-05,0.9820784724121582,50.09,76.81,,
601,"Natural Gas, Henry Hub-I",2.73,2018-03-06,1.0043016091968684,48.3,68.67,rain,
602,"Natural Gas, Henry Hub-I",2.77,2018-03-07,1.0188473201992472,43.82,59.11,,
603,"Natural Gas, Henry Hub-I",2.71,2018-03-08,0.9969486348916096,41.91,64.22,,
604,"Natural Gas, Henry Hub-I",2.68,2018-03-09,0.9858167945227654,56.02,66.91,,
605,"Natural Gas, Henry Hub-I",2.77,2018-03-12,1.0188473201992472,39.84,61.61,,
606,"Natural Gas, Henry Hub-I",2.76,2018-03-13,1.0152306797290584,40.99,64.5,,
607,"Natural Gas, Henry Hub-I",2.66,2018-03-14,0.9783261227936078,41.42,67.25,,
608,"Natural Gas, Henry Hub-I",2.67,2018-03-15,0.9820784724121582,61.33,69.79,,
609,"Natural Gas, Henry Hub-I",2.61,2018-03-16,0.959350221334602,67.91,75.79,rain,
610,"Natural Gas, Henry Hub-I",2.63,2018-03-19,0.9669838461896731,54.34,84.58,,
611,"Natural Gas, Henry Hub-I",2.66,2018-03-20,0.9783261227936078,45.48,68.47,,
612,"Natural Gas, Henry Hub-I",2.7,2018-03-21,0.9932517730102834,45.29,69.86,,
613,"Natural Gas, Henry Hub-I",2.62,2018-03-22,0.9631743177730056,49.88,72.94,,
614,"Natural Gas, Henry Hub-I",2.56,2018-03-23,0.9400072584914712,63.19,75.12,,
615,"Natural Gas, Henry Hub-I",2.58,2018-03-26,0.9477893989335261,69.95,80.16,,
616,"Natural Gas, Henry Hub-I",2.6,2018-03-27,0.9555114450274363,72.17,81.07,,
617,"Natural Gas, Henry Hub-I",2.64,2018-03-28,0.9707789171582248,60.0,79.61,,
618,"Natural Gas, Henry Hub-I",2.75,2018-03-29,1.0116009116784799,59.33,71.48,rain,
619,"Natural Gas, Henry Hub-I",2.72,2018-04-02,1.000631880307906,68.23,80.58,,
620,"Natural Gas, Henry Hub-I",2.7,2018-04-03,0.9932517730102834,55.97,82.72,rain,
621,"Natural Gas, Henry Hub-I",2.77,2018-04-04,1.0188473201992472,47.18,70.97,rain,
622,"Natural Gas, Henry Hub-I",2.77,2018-04-05,1.0188473201992472,58.93,70.61,,
623,"Natural Gas, Henry Hub-I",2.78,2018-04-06,1.0224509277025455,62.95,76.44,rain,
624,"Natural Gas, Henry Hub-I",2.71,2018-04-09,0.9969486348916096,54.58,67.67,,
625,"Natural Gas, Henry Hub-I",2.69,2018-04-10,0.9895411936137477,47.33,74.07,,
626,"Natural Gas, Henry Hub-I",2.69,2018-04-11,0.9895411936137477,51.86,76.06,,
627,"Natural Gas, Henry Hub-I",2.71,2018-04-12,0.9969486348916096,68.37,78.06,,
628,"Natural Gas, Henry Hub-I",2.77,2018-04-13,1.0188473201992472,61.23,80.97,,
629,"Natural Gas, Henry Hub-I",2.82,2018-04-16,1.0367368849500223,50.1,72.43,,
630,"Natural Gas, Henry Hub-I",2.83,2018-04-17,1.0402767116551463,64.06,77.84,,
631,"Natural Gas, Henry Hub-I",2.84,2018-04-18,1.0438040521731147,64.72,81.09,,
632,"Natural Gas, Henry Hub-I",2.77,2018-04-19,1.0188473201992472,49.05,74.92,,
633,"Natural Gas, Henry Hub-I",2.72,2018-04-20,1.000631880307906,55.01,69.46,,
634,"Natural Gas, Henry Hub-I",2.74,2018-04-23,1.007957920399979,54.5,74.77,,
635,"Natural Gas, Henry Hub-I",2.77,2018-04-24,1.0188473201992472,57.61,80.53,,
636,"Natural Gas, Henry Hub-I",2.79,2018-04-25,1.0260415958332743,58.84,81.9,,
637,"Natural Gas, Henry Hub-I",2.8,2018-04-26,1.0296194171811581,51.81,73.87,rain,
638,"Natural Gas, Henry Hub-I",2.77,2018-04-27,1.0188473201992472,54.56,76.47,,
639,"Natural Gas, Henry Hub-I",2.68,2018-04-30,0.9858167945227654,62.96,83.55,,
640,"Natural Gas, Henry Hub-I",2.75,2018-05-01,1.0116009116784799,72.25,82.55,,
641,"Natural Gas, Henry Hub-I",2.73,2018-05-02,1.0043016091968684,70.58,85.92,,
642,"Natural Gas, Henry Hub-I",2.69,2018-05-03,0.9895411936137477,66.2,84.01,,
643,"Natural Gas, Henry Hub-I",2.69,2018-05-04,0.9895411936137477,70.62,83.66,,
644,"Natural Gas, Henry Hub-I",2.71,2018-05-07,0.9969486348916096,65.19,90.11,,
645,"Natural Gas, Henry Hub-I",2.72,2018-05-08,1.000631880307906,65.7,90.7,,
646,"Natural Gas, Henry Hub-I",2.72,2018-05-09,1.000631880307906,63.05,88.27,,
647,"Natural Gas, Henry Hub-I",2.73,2018-05-10,1.0043016091968684,67.25,87.45,,
648,"Natural Gas, Henry Hub-I",2.75,2018-05-11,1.0116009116784799,68.11,87.15,,
649,"Natural Gas, Henry Hub-I",2.83,2018-05-14,1.0402767116551463,74.07,93.25,,
650,"Natural Gas, Henry Hub-I",2.83,2018-05-15,1.0402767116551463,71.33,93.88,rain,
651,"Natural Gas, Henry Hub-I",2.78,2018-05-16,1.0224509277025455,73.5,94.24,rain,
652,"Natural Gas, Henry Hub-I",2.72,2018-05-17,1.000631880307906,73.5,92.55,,
653,"Natural Gas, Henry Hub-I",2.76,2018-05-18,1.0152306797290584,71.33,90.36,,
654,"Natural Gas, Henry Hub-I",2.77,2018-05-21,1.0188473201992472,71.37,89.83,,
655,"Natural Gas, Henry Hub-I",2.78,2018-05-22,1.0224509277025455,70.71,89.14,rain,
656,"Natural Gas, Henry Hub-I",2.86,2018-05-23,1.0508216248317612,70.14,91.09,,
657,"Natural Gas, Henry Hub-I",2.87,2018-05-24,1.0543120297715298,70.55,85.12,rain,
658,"Natural Gas, Henry Hub-I",2.89,2018-05-25,1.0612565021243408,70.86,85.13,rain,
659,"Natural Gas, Henry Hub-I",2.82,2018-05-29,1.0367368849500223,74.47,92.38,,
660,"Natural Gas, Henry Hub-I",2.83,2018-05-30,1.0402767116551463,73.94,89.78,,
661,"Natural Gas, Henry Hub-I",2.89,2018-05-31,1.0612565021243408,74.78,90.28,,
662,"Natural Gas, Henry Hub-I",2.9,2018-06-01,1.0647107369924282,75.78,91.25,,
663,"Natural Gas, Henry Hub-I",2.91,2018-06-04,1.0681530811834012,74.8,90.68,,
664,"Natural Gas, Henry Hub-I",2.87,2018-06-05,1.0543120297715298,68.64,88.37,rain,
665,"Natural Gas, Henry Hub-I",2.85,2018-06-06,1.0473189942805592,68.91,89.27,,
666,"Natural Gas, Henry Hub-I",2.93,2018-06-07,1.075002423028976,71.68,90.52,,
667,"Natural Gas, Henry Hub-I",2.86,2018-06-08,1.0508216248317612,70.55,89.94,,
668,"Natural Gas, Henry Hub-I",2.95,2018-06-11,1.0818051703517284,75.89,89.62,,
669,"Natural Gas, Henry Hub-I",2.92,2018-06-12,1.0715836162801904,72.58,90.11,rain,
670,"Natural Gas, Henry Hub-I",2.94,2018-06-13,1.0784095813505903,72.28,87.42,rain,
671,"Natural Gas, Henry Hub-I",2.96,2018-06-14,1.085189268335969,72.67,88.96,rain,
672,"Natural Gas, Henry Hub-I",2.98,2018-06-15,1.091923300517313,74.31,86.85,rain,
673,"Natural Gas, Henry Hub-I",2.97,2018-06-18,1.0885619528146082,73.83,76.76,rain,
674,"Natural Gas, Henry Hub-I",2.9,2018-06-19,1.0647107369924282,75.28,85.52,,
675,"Natural Gas, Henry Hub-I",2.95,2018-06-20,1.0818051703517284,76.7,89.27,,
676,"Natural Gas, Henry Hub-I",3.0,2018-06-21,1.0986122886681098,75.29,85.75,rain,
677,"Natural Gas, Henry Hub-I",2.94,2018-06-22,1.0784095813505903,75.78,90.39,,
678,"Natural Gas, Henry Hub-I",2.93,2018-06-25,1.075002423028976,74.55,91.71,,
679,"Natural Gas, Henry Hub-I",2.93,2018-06-26,1.075002423028976,76.09,92.47,,
680,"Natural Gas, Henry Hub-I",3.0,2018-06-27,1.0986122886681098,77.62,91.37,,
681,"Natural Gas, Henry Hub-I",2.97,2018-06-28,1.0885619528146082,76.52,91.08,,
682,"Natural Gas, Henry Hub-I",2.9,2018-06-29,1.0647107369924282,75.2,91.34,,
683,"Natural Gas, Henry Hub-I",2.87,2018-07-02,1.0543120297715298,74.74,93.84,rain,
684,"Natural Gas, Henry Hub-I",2.87,2018-07-03,1.0543120297715298,73.4,84.07,rain,
685,"Natural Gas, Henry Hub-I",2.86,2018-07-05,1.0508216248317612,73.63,90.68,rain,
686,"Natural Gas, Henry Hub-I",2.85,2018-07-06,1.0473189942805592,73.89,88.07,rain,
687,"Natural Gas, Henry Hub-I",2.86,2018-07-09,1.0508216248317612,72.82,85.4,rain,
688,"Natural Gas, Henry Hub-I",2.84,2018-07-10,1.0438040521731147,75.25,90.71,,
689,"Natural Gas, Henry Hub-I",2.84,2018-07-11,1.0438040521731147,71.67,89.67,rain,
690,"Natural Gas, Henry Hub-I",2.84,2018-07-12,1.0438040521731147,74.23,89.71,,
691,"Natural Gas, Henry Hub-I",2.8,2018-07-13,1.0296194171811581,75.03,89.29,,
692,"Natural Gas, Henry Hub-I",2.74,2018-07-16,1.007957920399979,77.57,91.74,,
693,"Natural Gas, Henry Hub-I",2.78,2018-07-17,1.0224509277025455,78.56,90.52,,
694,"Natural Gas, Henry Hub-I",2.72,2018-07-18,1.000631880307906,78.65,91.68,,
695,"Natural Gas, Henry Hub-I",2.72,2018-07-19,1.000631880307906,77.05,92.38,,
696,"Natural Gas, Henry Hub-I",2.76,2018-07-20,1.0152306797290584,78.16,94.52,,
697,"Natural Gas, Henry Hub-I",2.7,2018-07-23,0.9932517730102834,74.98,95.97,,
698,"Natural Gas, Henry Hub-I",2.72,2018-07-24,1.000631880307906,70.54,91.24,,
699,"Natural Gas, Henry Hub-I",2.77,2018-07-25,1.0188473201992472,72.35,92.35,,
700,"Natural Gas, Henry Hub-I",2.78,2018-07-26,1.0224509277025455,73.81,94.26,,
701,"Natural Gas, Henry Hub-I",2.78,2018-07-27,1.0224509277025455,74.55,94.25,,
702,"Natural Gas, Henry Hub-I",2.76,2018-07-30,1.0152306797290584,75.45,92.46,rain,
703,"Natural Gas, Henry Hub-I",2.82,2018-07-31,1.0367368849500223,73.07,86.83,,
704,"Natural Gas, Henry Hub-I",2.8,2018-08-01,1.0296194171811581,72.33,90.73,,
705,"Natural Gas, Henry Hub-I",2.79,2018-08-02,1.0260415958332743,71.93,92.14,,
706,"Natural Gas, Henry Hub-I",2.84,2018-08-03,1.0438040521731147,73.3,90.44,,
707,"Natural Gas, Henry Hub-I",2.86,2018-08-06,1.0508216248317612,76.31,89.26,,
708,"Natural Gas, Henry Hub-I",2.93,2018-08-07,1.075002423028976,71.78,88.12,rain,
709,"Natural Gas, Henry Hub-I",2.97,2018-08-08,1.0885619528146082,72.74,89.47,rain,
710,"Natural Gas, Henry Hub-I",2.98,2018-08-09,1.091923300517313,74.54,88.85,rain,
711,"Natural Gas, Henry Hub-I",2.92,2018-08-10,1.0715836162801904,72.03,87.27,rain,
712,"Natural Gas, Henry Hub-I",2.92,2018-08-13,1.0715836162801904,73.16,92.08,,
713,"Natural Gas, Henry Hub-I",2.98,2018-08-14,1.091923300517313,73.23,91.88,,
714,"Natural Gas, Henry Hub-I",3.01,2018-08-15,1.1019400787607843,74.75,93.6,,
715,"Natural Gas, Henry Hub-I",2.99,2018-08-16,1.095273387402595,76.05,92.95,rain,
716,"Natural Gas, Henry Hub-I",2.97,2018-08-17,1.0885619528146082,74.95,89.92,,
717,"Natural Gas, Henry Hub-I",2.99,2018-08-20,1.095273387402595,76.65,88.65,rain,
718,"Natural Gas, Henry Hub-I",3.01,2018-08-21,1.1019400787607843,75.45,93.26,,
719,"Natural Gas, Henry Hub-I",2.99,2018-08-22,1.095273387402595,70.35,92.18,,
720,"Natural Gas, Henry Hub-I",2.96,2018-08-23,1.085189268335969,71.82,89.55,,
721,"Natural Gas, Henry Hub-I",2.96,2018-08-24,1.085189268335969,72.98,90.55,,
722,"Natural Gas, Henry Hub-I",2.95,2018-08-27,1.0818051703517284,75.25,91.16,rain,
723,"Natural Gas, Henry Hub-I",2.93,2018-08-28,1.075002423028976,74.85,85.02,rain,
724,"Natural Gas, Henry Hub-I",2.96,2018-08-29,1.085189268335969,73.03,89.25,rain,
725,"Natural Gas, Henry Hub-I",2.9,2018-08-30,1.0647107369924282,73.19,90.75,,
726,"Natural Gas, Henry Hub-I",2.93,2018-08-31,1.075002423028976,74.3,87.97,,
727,"Natural Gas, Henry Hub-I",2.96,2018-09-04,1.085189268335969,69.57,88.26,,
728,"Natural Gas, Henry Hub-I",2.94,2018-09-05,1.0784095813505903,74.14,88.23,,
729,"Natural Gas, Henry Hub-I",2.87,2018-09-06,1.0543120297715298,74.84,87.01,,
730,"Natural Gas, Henry Hub-I",2.84,2018-09-07,1.0438040521731147,71.57,85.51,rain,
731,"Natural Gas, Henry Hub-I",2.85,2018-09-10,1.0473189942805592,73.05,86.65,,
732,"Natural Gas, Henry Hub-I",2.89,2018-09-11,1.0612565021243408,74.08,79.08,rain,
733,"Natural Gas, Henry Hub-I",2.93,2018-09-12,1.075002423028976,74.21,89.5,,
734,"Natural Gas, Henry Hub-I",2.93,2018-09-13,1.075002423028976,73.68,87.0,,
735,"Natural Gas, Henry Hub-I",2.85,2018-09-14,1.0473189942805592,74.21,91.44,,
736,"Natural Gas, Henry Hub-I",2.9,2018-09-17,1.0647107369924282,75.88,93.09,,
737,"Natural Gas, Henry Hub-I",2.97,2018-09-18,1.0885619528146082,76.26,93.94,,
738,"Natural Gas, Henry Hub-I",3.06,2018-09-19,1.1184149159642893,72.13,92.31,,
739,"Natural Gas, Henry Hub-I",3.0,2018-09-20,1.0986122886681098,74.94,90.7,,
740,"Natural Gas, Henry Hub-I",3.02,2018-09-21,1.1052568313867783,74.54,89.75,,
741,"Natural Gas, Henry Hub-I",3.04,2018-09-24,1.1118575154181303,73.81,85.3,rain,
742,"Natural Gas, Henry Hub-I",3.13,2018-09-25,1.1410330045520618,74.85,86.31,rain,
743,"Natural Gas, Henry Hub-I",3.13,2018-09-26,1.1410330045520618,72.12,78.56,rain,
744,"Natural Gas, Henry Hub-I",3.07,2018-09-27,1.1216775615991057,71.11,83.35,rain,
745,"Natural Gas, Henry Hub-I",2.99,2018-09-28,1.095273387402595,72.42,80.13,,
