Commodity,Price,Date,Log_Price,Low_Temp,Hi_Temp,Precip_Type,Snow_Amt,Low_Temp_SF,Hi_Temp_SF,Low_Temp_Seattle,Hi_Temp_Seattle
"Natural Gas, Opal, $ per MMBtu-I",2.33,2015-10-01,0.8458682675776092,46.84,73.43,,,57.96,72.29,51.35,67.52
"Natural Gas, Opal, $ per MMBtu-I",2.12,2015-10-02,0.7514160886839212,43.06,52.99,rain,,57.6,76.53,52.75,58.16
"Natural Gas, Opal, $ per MMBtu-I",2.23,2015-10-05,0.8020015854720274,45.18,59.31,,,60.1,73.36,51.11,70.99
"Natural Gas, Opal, $ per MMBtu-I",2.27,2015-10-06,0.8197798314933114,36.97,60.1,rain,,58.89,73.04,56.96,64.32
"Natural Gas, Opal, $ per MMBtu-I",2.32,2015-10-07,0.8415671856782185,42.51,63.8,,,60.32,75.62,56.42,58.68
"Natural Gas, Opal, $ per MMBtu-I",2.33,2015-10-08,0.8458682675776092,35.99,63.16,,,59.16,81.48,56.36,65.19
"Natural Gas, Opal, $ per MMBtu-I",2.27,2015-10-09,0.8197798314933114,33.72,66.46,,,60.54,81.11,61.9,65.28
"Natural Gas, Opal, $ per MMBtu-I",2.4,2015-10-12,0.8754687373538999,33.7,65.13,,,63.71,87.33,54.58,63.88
"Natural Gas, Opal, $ per MMBtu-I",2.38,2015-10-13,0.8671004876833833,36.27,67.9,,,64.33,90.05,49.28,59.44
"Natural Gas, Opal, $ per MMBtu-I",2.36,2015-10-14,0.8586616190375187,32.86,67.86,,,63.49,79.81,48.96,58.36
"Natural Gas, Opal, $ per MMBtu-I",2.39,2015-10-15,0.8712933659434193,37.6,67.64,,,60.62,75.28,48.37,67.2
"Natural Gas, Opal, $ per MMBtu-I",2.21,2015-10-16,0.7929925155296614,34.71,68.28,,,61.0,74.03,53.84,68.11
"Natural Gas, Opal, $ per MMBtu-I",2.26,2015-10-19,0.8153648132841944,33.58,53.16,rain,,57.91,69.86,52.02,62.7
"Natural Gas, Opal, $ per MMBtu-I",2.22,2015-10-20,0.7975071958841882,33.3,52.51,,,58.42,78.0,47.94,62.03
"Natural Gas, Opal, $ per MMBtu-I",2.14,2015-10-21,0.7608058290337602,30.06,49.74,,,56.88,78.09,48.86,60.94
"Natural Gas, Opal, $ per MMBtu-I",2.17,2015-10-22,0.7747271675523681,31.62,52.28,,,58.31,74.93,45.07,59.17
"Natural Gas, Opal, $ per MMBtu-I",2.02,2015-10-23,0.7030975114131134,28.89,52.41,,,56.56,74.42,48.02,55.06
"Natural Gas, Opal, $ per MMBtu-I",2.04,2015-10-26,0.712949807856125,26.28,52.5,,,59.3,75.26,47.44,54.42
"Natural Gas, Opal, $ per MMBtu-I",2.07,2015-10-27,0.7275486072772777,19.84,40.63,,,59.22,68.86,52.5,59.84
"Natural Gas, Opal, $ per MMBtu-I",2.12,2015-10-28,0.7514160886839212,31.01,43.18,,,56.43,68.54,54.27,55.72
"Natural Gas, Opal, $ per MMBtu-I",2.09,2015-10-29,0.7371640659767196,25.53,41.4,rain,,56.41,73.81,53.65,58.61
"Natural Gas, Opal, $ per MMBtu-I",1.93,2015-10-30,0.6575200029167941,33.95,42.18,,,58.72,78.28,55.06,63.65
"Natural Gas, Opal, $ per MMBtu-I",2.0,2015-11-02,0.6931471805599453,34.6,51.76,rain,,50.36,62.29,43.13,52.2
"Natural Gas, Opal, $ per MMBtu-I",1.97,2015-11-03,0.6780335427498971,20.89,47.28,,,52.58,64.31,39.12,50.15
"Natural Gas, Opal, $ per MMBtu-I",2.11,2015-11-04,0.7466879474879751,21.53,37.12,,,47.85,64.75,46.15,50.54
"Natural Gas, Opal, $ per MMBtu-I",2.17,2015-11-05,0.7747271675523681,23.6,29.18,,,47.96,64.46,46.87,51.46
"Natural Gas, Opal, $ per MMBtu-I",2.05,2015-11-06,0.7178397931503168,7.97,31.87,snow,0.066,48.05,66.74,52.29,57.97
"Natural Gas, Opal, $ per MMBtu-I",2.15,2015-11-09,0.7654678421395714,19.17,46.66,,,46.05,56.43,40.43,48.08
"Natural Gas, Opal, $ per MMBtu-I",2.11,2015-11-10,0.7466879474879751,20.52,31.86,snow,0.014,44.76,59.72,44.69,50.02
"Natural Gas, Opal, $ per MMBtu-I",2.16,2015-11-11,0.7701082216960737,23.93,29.77,,,45.01,61.7,42.78,51.61
"Natural Gas, Opal, $ per MMBtu-I",2.02,2015-11-12,0.7030975114131134,13.02,31.56,,,47.63,63.69,47.68,49.87
"Natural Gas, Opal, $ per MMBtu-I",2.02,2015-11-13,0.7030975114131134,14.78,42.14,,,47.3,66.46,44.7,55.94
"Natural Gas, Opal, $ per MMBtu-I",2.23,2015-11-16,0.8020015854720274,13.93,34.36,snow,0.051,49.49,60.84,43.75,45.19
"Natural Gas, Opal, $ per MMBtu-I",2.1,2015-11-17,0.7419373447293773,25.6,26.86,,,50.72,62.67,39.61,56.15
"Natural Gas, Opal, $ per MMBtu-I",2.12,2015-11-18,0.7514160886839212,22.61,31.96,snow,0.009,49.78,65.36,40.2,48.16
"Natural Gas, Opal, $ per MMBtu-I",2.14,2015-11-19,0.7608058290337602,27.89,34.07,snow,0,53.63,68.54,32.87,46.53
"Natural Gas, Opal, $ per MMBtu-I",2.14,2015-11-20,0.7608058290337602,3.65,28.91,snow,0.158,52.56,69.25,33.66,45.78
"Natural Gas, Opal, $ per MMBtu-I",2.28,2015-11-23,0.8241754429663494,13.84,45.82,,,52.1,56.83,39.82,43.04
"Natural Gas, Opal, $ per MMBtu-I",2.26,2015-11-24,0.8153648132841944,19.25,39.44,,,42.11,55.8,33.32,44.68
"Natural Gas, Opal, $ per MMBtu-I",2.17,2015-11-25,0.7747271675523681,11.06,35.3,,,41.07,53.28,30.52,44.09
"Natural Gas, Opal, $ per MMBtu-I",2.3,2015-11-30,0.8329091229351039,-1.35,17.79,snow,0.087,43.95,51.1,38.85,41.35
"Natural Gas, Opal, $ per MMBtu-I",2.28,2015-12-01,0.8241754429663494,-0.21,22.19,snow,0.112,48.1,58.95,40.52,49.31
"Natural Gas, Opal, $ per MMBtu-I",2.21,2015-12-02,0.7929925155296614,5.7,27.96,snow,0.03,48.21,58.37,46.83,49.19
"Natural Gas, Opal, $ per MMBtu-I",2.13,2015-12-03,0.7561219797213337,12.9,34.43,snow,0.054,47.93,58.97,44.46,54.72
"Natural Gas, Opal, $ per MMBtu-I",2.09,2015-12-04,0.7371640659767196,13.77,34.79,,,44.94,59.62,45.07,49.87
"Natural Gas, Opal, $ per MMBtu-I",2.03,2015-12-07,0.7080357930536959,32.58,39.19,snow,0.016,53.22,61.39,46.9,48.67
"Natural Gas, Opal, $ per MMBtu-I",1.86,2015-12-08,0.62057648772511,29.95,40.9,rain,,55.22,60.93,48.99,58.41
"Natural Gas, Opal, $ per MMBtu-I",1.96,2015-12-09,0.6729444732424258,23.55,46.79,snow,0.03,55.75,63.77,45.73,52.17
"Natural Gas, Opal, $ per MMBtu-I",1.99,2015-12-10,0.688134638736401,15.13,37.88,snow,0,46.46,60.67,41.91,49.29
"Natural Gas, Opal, $ per MMBtu-I",1.79,2015-12-11,0.5822156198526637,6.3,30.33,snow,0.21,45.34,56.65,42.96,48.03
"Natural Gas, Opal, $ per MMBtu-I",1.98,2015-12-14,0.6830968447064438,15.11,25.86,snow,0.372,43.08,55.18,35.61,44.89
"Natural Gas, Opal, $ per MMBtu-I",2.1,2015-12-15,0.7419373447293773,13.61,22.63,snow,0.238,40.95,56.28,38.67,42.55
"Natural Gas, Opal, $ per MMBtu-I",2.13,2015-12-16,0.7561219797213337,4.14,19.77,,,42.68,54.91,36.28,42.36
"Natural Gas, Opal, $ per MMBtu-I",1.98,2015-12-17,0.6830968447064438,6.85,17.16,,,47.16,56.53,40.1,41.62
"Natural Gas, Opal, $ per MMBtu-I",1.88,2015-12-18,0.6312717768418578,8.82,35.49,snow,0.04,49.51,57.99,39.07,46.15
"Natural Gas, Opal, $ per MMBtu-I",1.96,2015-12-21,0.6729444732424258,20.32,28.49,snow,0.031,57.21,57.95,38.11,40.55
"Natural Gas, Opal, $ per MMBtu-I",1.97,2015-12-22,0.6780335427498971,14.12,25.03,snow,0.017,48.33,58.28,38.21,44.18
"Natural Gas, Opal, $ per MMBtu-I",2.03,2015-12-23,0.7080357930536959,9.6,18.23,snow,0.227,47.36,54.98,37.15,40.82
"Natural Gas, Opal, $ per MMBtu-I",2.23,2015-12-24,0.8020015854720274,8.94,20.8,,,40.77,51.55,37.02,41.17
"Natural Gas, Opal, $ per MMBtu-I",2.71,2015-12-28,0.9969486348916096,-6,12.2,,,38.84,48.96,36.34,40.44
"Natural Gas, Opal, $ per MMBtu-I",2.57,2015-12-30,0.9439058989071284,-11.47,15.97,,,38.94,48.23,28.23,40.18
"Natural Gas, Opal, $ per MMBtu-I",2.51,2015-12-31,0.9202827531436925,-17.36,10.56,,,38.76,51.5,28.79,41.05
"Natural Gas, Opal, $ per MMBtu-I",2.48,2016-01-04,0.9082585601768908,14.3,28.26,,,51.07,56.59,36.82,37.31
"Natural Gas, Opal, $ per MMBtu-I",2.41,2016-01-05,0.8796267475025636,20.8,28.4,snow,0.171,49.03,52.9,38.35,41.62
"Natural Gas, Opal, $ per MMBtu-I",2.43,2016-01-06,0.8878912573524571,20.82,31.42,snow,0.104,45.69,53.18,36.09,50.51
"Natural Gas, Opal, $ per MMBtu-I",2.46,2016-01-07,0.9001613499442714,18.69,29.51,snow,0.393,44.22,52.96,38.6,43.16
"Natural Gas, Opal, $ per MMBtu-I",2.56,2016-01-08,0.9400072584914712,13.25,26.41,snow,0.386,48.62,52.57,33.77,46.62
"Natural Gas, Opal, $ per MMBtu-I",2.47,2016-01-11,0.9042181506398859,0.22,18.52,,,48.29,57.5,42.02,43.39
"Natural Gas, Opal, $ per MMBtu-I",2.32,2016-01-12,0.8415671856782185,6.2,26.08,,,54.81,57.38,45.1,46.85
"Natural Gas, Opal, $ per MMBtu-I",2.22,2016-01-13,0.7975071958841882,13.39,32.17,,,46.07,58.16,37.49,47.38
"Natural Gas, Opal, $ per MMBtu-I",2.18,2016-01-14,0.7793248768009977,8.5,26.19,,,49.44,54.64,33.9,46.95
"Natural Gas, Opal, $ per MMBtu-I",2.15,2016-01-15,0.7654678421395714,15.63,22.72,,,50.99,58.35,42.69,45.98
"Natural Gas, Opal, $ per MMBtu-I",2.14,2016-01-19,0.7608058290337602,19.32,25.93,snow,0.056,49.13,60.38,41.65,45.56
"Natural Gas, Opal, $ per MMBtu-I",2.07,2016-01-20,0.7275486072772777,11.93,25.79,snow,0.14,51.42,59.51,44.01,49.96
"Natural Gas, Opal, $ per MMBtu-I",2.06,2016-01-21,0.7227059828014898,9.16,29.18,snow,0.029,54.79,61.51,49.11,49.59
"Natural Gas, Opal, $ per MMBtu-I",2.03,2016-01-22,0.7080357930536959,4.66,33.15,,,53.49,59.06,43.43,53.95
"Natural Gas, Opal, $ per MMBtu-I",2.09,2016-01-25,0.7371640659767196,5.25,24.39,snow,0.083,48.09,58.77,46.57,51.49
"Natural Gas, Opal, $ per MMBtu-I",2.11,2016-01-26,0.7466879474879751,7.78,24.98,,,49.87,58.74,50.3,53.58
"Natural Gas, Opal, $ per MMBtu-I",2.07,2016-01-27,0.7275486072772777,12.38,30.69,,,48.25,62.95,50.82,55.42
"Natural Gas, Opal, $ per MMBtu-I",1.94,2016-01-28,0.6626879730752367,19.4,36.33,snow,0,56.63,59.59,43.83,53.08
"Natural Gas, Opal, $ per MMBtu-I",2.21,2016-01-29,0.7929925155296614,24.38,34.17,snow,0.079,50.41,59.89,39.77,48.88
"Natural Gas, Opal, $ per MMBtu-I",2.13,2016-02-01,0.7561219797213337,1.16,19.22,,,46.15,55.97,36.85,44.53
"Natural Gas, Opal, $ per MMBtu-I",2.0,2016-02-02,0.6931471805599453,1.58,16.02,snow,0.023,42.4,53.25,40.5,48.95
"Natural Gas, Opal, $ per MMBtu-I",2.01,2016-02-03,0.6981347220709843,-0.1,17.29,snow,0.034,47.1,54.4,43.31,46.98
"Natural Gas, Opal, $ per MMBtu-I",1.96,2016-02-04,0.6729444732424258,12.21,20.52,,,44.58,58.55,42.71,46.79
"Natural Gas, Opal, $ per MMBtu-I",1.94,2016-02-05,0.6626879730752367,17.94,25.71,snow,0.018,47.1,61.99,43.24,51.43
"Natural Gas, Opal, $ per MMBtu-I",2.05,2016-02-08,0.7178397931503168,17.96,37.28,,,52.56,74.74,40.52,56.97
"Natural Gas, Opal, $ per MMBtu-I",1.96,2016-02-09,0.6729444732424258,9.45,38.76,,,51.64,70.38,47.49,61.64
"Natural Gas, Opal, $ per MMBtu-I",1.88,2016-02-10,0.6312717768418578,17.53,41.65,,,52.7,69.03,46.31,54.06
"Natural Gas, Opal, $ per MMBtu-I",1.85,2016-02-11,0.6151856390902335,19,42.26,,,51.14,69.96,50.65,54.09
"Natural Gas, Opal, $ per MMBtu-I",1.74,2016-02-12,0.5538851132264376,21.8,45.03,,,52.15,66.67,44.32,55.98
"Natural Gas, Opal, $ per MMBtu-I",1.64,2016-02-16,0.494696241836107,23.79,41.36,rain,,62.52,74.13,47.16,54.58
"Natural Gas, Opal, $ per MMBtu-I",1.63,2016-02-17,0.4885800148186709,34.87,43.81,,,50.5,65.21,45.13,56.76
"Natural Gas, Opal, $ per MMBtu-I",1.59,2016-02-18,0.4637340162321402,20.99,40.13,rain,,49.95,59.95,44.55,50.88
"Natural Gas, Opal, $ per MMBtu-I",1.55,2016-02-19,0.4382549309311553,26.46,38.45,snow,0.055,45.39,59.62,39.83,48.26
"Natural Gas, Opal, $ per MMBtu-I",1.62,2016-02-22,0.4824261492442928,5.67,31.06,snow,0.03,50.3,68.79,34.88,49.02
"Natural Gas, Opal, $ per MMBtu-I",1.64,2016-02-23,0.494696241836107,5.86,29.83,snow,0.103,49.7,69.69,43.57,57.13
"Natural Gas, Opal, $ per MMBtu-I",1.61,2016-02-24,0.4762341789963717,15.41,34.28,,,51.8,69.42,40.0,57.93
"Natural Gas, Opal, $ per MMBtu-I",1.55,2016-02-25,0.4382549309311553,16.6,41.21,,,53.43,72.24,44.29,59.7
"Natural Gas, Opal, $ per MMBtu-I",1.44,2016-02-26,0.36464311358790924,22.23,44.74,,,52.98,64.63,47.49,58.92
"Natural Gas, Opal, $ per MMBtu-I",1.4,2016-02-29,0.3364722366212129,19.31,35.15,snow,0.025,53.45,71.99,44.57,52.56
"Natural Gas, Opal, $ per MMBtu-I",1.4,2016-03-01,0.3364722366212129,28.31,38.66,,,54.0,68.53,43.48,52.97
"Natural Gas, Opal, $ per MMBtu-I",1.48,2016-03-02,0.3920420877760237,19.2,38.08,snow,0,57.16,65.19,48.52,52.63
"Natural Gas, Opal, $ per MMBtu-I",1.28,2016-03-04,0.2468600779315258,28.46,49.85,,,59.56,62.23,47.38,55.1
"Natural Gas, Opal, $ per MMBtu-I",1.4,2016-03-07,0.3364722366212129,12.32,36.01,snow,0.004,46.06,56.64,40.33,49.45
"Natural Gas, Opal, $ per MMBtu-I",1.4,2016-03-08,0.3364722366212129,24.65,38.97,,,50.77,56.41,41.97,51.59
"Natural Gas, Opal, $ per MMBtu-I",1.43,2016-03-09,0.3576744442718159,22.07,37.25,snow,0.102,57.46,61.12,46.42,50.59
"Natural Gas, Opal, $ per MMBtu-I",1.47,2016-03-10,0.3852624007906449,24.88,50.24,,,54.1,62.85,38.03,51.64
"Natural Gas, Opal, $ per MMBtu-I",1.49,2016-03-11,0.3987761199573678,26.81,51.75,,,50.28,55.59,43.1,56.4
"Natural Gas, Opal, $ per MMBtu-I",1.52,2016-03-14,0.41871033485818504,19.39,31.35,snow,0.338,46.63,59.82,40.24,47.0
"Natural Gas, Opal, $ per MMBtu-I",1.58,2016-03-15,0.4574248470388755,19,25,,,48.6,64.13,40.75,49.75
"Natural Gas, Opal, $ per MMBtu-I",1.52,2016-03-16,0.41871033485818504,22.57,28.94,snow,0.263,52.42,70.62,35.09,50.92
"Natural Gas, Opal, $ per MMBtu-I",1.62,2016-03-17,0.4824261492442928,10.33,29.03,snow,0.289,51.8,75.13,41.83,55.83
"Natural Gas, Opal, $ per MMBtu-I",1.64,2016-03-18,0.494696241836107,3.9,29.63,snow,0.051,52.56,63.77,47.48,61.95
"Natural Gas, Opal, $ per MMBtu-I",1.6,2016-03-21,0.47000362924573563,30.7,50.18,,,48.87,60.63,44.9,53.27
"Natural Gas, Opal, $ per MMBtu-I",1.61,2016-03-22,0.4762341789963717,25.91,33.19,snow,0.358,47.73,60.83,46.68,55.89
"Natural Gas, Opal, $ per MMBtu-I",1.61,2016-03-23,0.4762341789963717,23.9,35.32,,,50.22,65.27,43.26,50.74
"Natural Gas, Opal, $ per MMBtu-I",1.57,2016-03-24,0.45107561936021673,21.65,37.68,,,51.27,66.85,42.91,52.12
"Natural Gas, Opal, $ per MMBtu-I",1.56,2016-03-28,0.44468582126144574,32.16,38.75,snow,0.166,45.77,58.17,39.36,53.53
"Natural Gas, Opal, $ per MMBtu-I",1.61,2016-03-29,0.4762341789963717,25.99,33.81,snow,0.456,48.83,62.51,41.38,60.87
"Natural Gas, Opal, $ per MMBtu-I",1.72,2016-03-30,0.5423242908253617,28.31,36.25,snow,1.45,51.88,61.67,44.53,67.14
"Natural Gas, Opal, $ per MMBtu-I",1.74,2016-03-31,0.5538851132264376,15.17,37.17,snow,0,50.83,63.5,45.93,70.84
"Natural Gas, Opal, $ per MMBtu-I",1.61,2016-04-01,0.4762341789963717,20.79,44.11,,,50.79,62.32,46.4,68.63
"Natural Gas, Opal, $ per MMBtu-I",1.69,2016-04-04,0.5247285289349821,27.51,55.21,rain,,51.43,68.3,45.46,55.68
"Natural Gas, Opal, $ per MMBtu-I",1.72,2016-04-05,0.5423242908253617,26.58,40.43,,,59.03,77.8,42.99,55.38
"Natural Gas, Opal, $ per MMBtu-I",1.7,2016-04-06,0.5306282510621704,28.27,50.85,,,58.51,86.12,48.88,68.11
"Natural Gas, Opal, $ per MMBtu-I",1.74,2016-04-07,0.5538851132264376,32.76,60.41,,,57.04,68.22,49.89,78.07
"Natural Gas, Opal, $ per MMBtu-I",1.74,2016-04-08,0.5538851132264376,30.14,61.77,,,56.59,64.27,45.42,72.52
"Natural Gas, Opal, $ per MMBtu-I",1.69,2016-04-11,0.5247285289349821,30.56,53.26,rain,,53.59,62.8,48.17,56.62
"Natural Gas, Opal, $ per MMBtu-I",1.74,2016-04-12,0.5538851132264376,33.45,59.38,,,52.59,60.66,44.66,56.74
"Natural Gas, Opal, $ per MMBtu-I",1.74,2016-04-13,0.5538851132264376,37.39,45.28,rain,,49.41,62.3,42.76,56.69
"Natural Gas, Opal, $ per MMBtu-I",1.69,2016-04-14,0.5247285289349821,22.86,43.37,rain,,48.41,61.47,47.76,57.12
"Natural Gas, Opal, $ per MMBtu-I",1.57,2016-04-15,0.45107561936021673,20.65,40.92,snow,0.011,52.91,68.02,42.41,58.4
"Natural Gas, Opal, $ per MMBtu-I",1.57,2016-04-18,0.45107561936021673,30.92,42.88,,,56.72,82.13,53.72,88.05
"Natural Gas, Opal, $ per MMBtu-I",1.76,2016-04-19,0.5653138090500605,33.56,51.42,rain,,52.93,77.42,52.86,81.58
"Natural Gas, Opal, $ per MMBtu-I",1.85,2016-04-20,0.6151856390902335,36.14,61.4,rain,,58.15,72.12,53.16,80.04
"Natural Gas, Opal, $ per MMBtu-I",1.76,2016-04-21,0.5653138090500605,37.32,65.25,,,57.7,67.09,54.94,72.8
"Natural Gas, Opal, $ per MMBtu-I",1.68,2016-04-22,0.5187937934151675,43.03,65.65,,,51.24,60.1,51.24,60.67
"Natural Gas, Opal, $ per MMBtu-I",1.8,2016-04-25,0.5877866649021191,33.27,46.81,rain,,48.25,63.03,42.15,56.89
"Natural Gas, Opal, $ per MMBtu-I",1.69,2016-04-26,0.5247285289349821,28.43,37.97,snow,0.316,52.06,63.68,47.48,59.5
"Natural Gas, Opal, $ per MMBtu-I",1.71,2016-04-27,0.5364933705145685,30.8,47.65,rain,,50.37,61.65,50.25,58.46
"Natural Gas, Opal, $ per MMBtu-I",1.74,2016-04-28,0.5538851132264376,29.5,38.64,,,51.18,67.91,48.68,62.33
"Natural Gas, Opal, $ per MMBtu-I",1.74,2016-04-29,0.5538851132264376,31.38,42.12,,,55.4,64.77,44.83,59.12
"Natural Gas, Opal, $ per MMBtu-I",1.79,2016-05-02,0.5822156198526637,29.52,57.26,,,53.51,65.23,56.86,86.57
"Natural Gas, Opal, $ per MMBtu-I",1.87,2016-05-03,0.6259384308664954,31.42,64.9,,,54.9,68.31,51.76,71.96
"Natural Gas, Opal, $ per MMBtu-I",1.92,2016-05-04,0.6523251860396901,39.13,67.62,,,56.55,65.26,48.54,57.05
"Natural Gas, Opal, $ per MMBtu-I",1.9,2016-05-05,0.6418538861723947,48.49,69.89,,,55.01,62.99,49.97,65.36
"Natural Gas, Opal, $ per MMBtu-I",1.68,2016-05-06,0.5187937934151675,38.33,53.67,rain,,54.68,57.92,51.11,74.57
"Natural Gas, Opal, $ per MMBtu-I",1.9,2016-05-09,0.6418538861723947,29.83,53.31,rain,,52.72,63.44,45.72,65.88
"Natural Gas, Opal, $ per MMBtu-I",1.9,2016-05-10,0.6418538861723947,23.87,38.6,rain,,52.63,66.29,49.96,72.96
"Natural Gas, Opal, $ per MMBtu-I",1.87,2016-05-11,0.6259384308664954,25.85,48.54,,,52.51,65.79,49.55,80.18
"Natural Gas, Opal, $ per MMBtu-I",1.9,2016-05-12,0.6418538861723947,31.14,60.88,,,54.8,65.22,50.49,75.29
"Natural Gas, Opal, $ per MMBtu-I",1.75,2016-05-13,0.5596157879354227,33.7,67.97,,,53.4,64.19,54.0,81.07
"Natural Gas, Opal, $ per MMBtu-I",1.76,2016-05-16,0.5653138090500605,36.34,47.82,rain,,55.55,72.74,50.08,58.4
"Natural Gas, Opal, $ per MMBtu-I",1.78,2016-05-17,0.5766133643039938,32.92,50.39,rain,,58.63,85.51,51.36,68.43
"Natural Gas, Opal, $ per MMBtu-I",1.72,2016-05-18,0.5423242908253617,35.78,59.74,rain,,54.04,77.1,48.07,62.73
"Natural Gas, Opal, $ per MMBtu-I",1.6,2016-05-19,0.47000362924573563,36.99,63.67,rain,,51.49,65.15,49.35,59.77
"Natural Gas, Opal, $ per MMBtu-I",1.56,2016-05-20,0.44468582126144574,41.16,61.68,rain,,52.72,60.01,51.75,64.54
"Natural Gas, Opal, $ per MMBtu-I",1.78,2016-05-23,0.5766133643039938,33.07,53.57,rain,,54.98,64.96,54.01,62.03
"Natural Gas, Opal, $ per MMBtu-I",1.74,2016-05-24,0.5538851132264376,33.37,53.15,rain,,55.36,63.19,54.45,64.82
"Natural Gas, Opal, $ per MMBtu-I",1.61,2016-05-25,0.4762341789963717,31.73,51.46,rain,,54.33,64.06,51.85,63.94
"Natural Gas, Opal, $ per MMBtu-I",1.58,2016-05-26,0.4574248470388755,34.25,56.77,rain,,52.87,67.29,48.27,60.27
"Natural Gas, Opal, $ per MMBtu-I",1.6,2016-05-27,0.47000362924573563,33.51,56.53,,,57.7,75.45,49.28,61.7
"Natural Gas, Opal, $ per MMBtu-I",1.99,2016-05-31,0.688134638736401,35.25,63,,,54.87,80.78,55.25,78.5
"Natural Gas, Opal, $ per MMBtu-I",2.13,2016-06-01,0.7561219797213337,38.04,67.72,,,55.01,71.35,58.03,73.36
"Natural Gas, Opal, $ per MMBtu-I",2.15,2016-06-02,0.7654678421395714,44.9,70.62,,,56.89,80.43,54.47,68.47
"Natural Gas, Opal, $ per MMBtu-I",2.08,2016-06-03,0.7323678937132266,42.76,70.1,,,60.46,89.42,60.25,78.7
"Natural Gas, Opal, $ per MMBtu-I",2.12,2016-06-06,0.7514160886839212,48.01,70.13,,,57.33,67.69,55.66,83.82
"Natural Gas, Opal, $ per MMBtu-I",2.09,2016-06-07,0.7371640659767196,45.14,74.27,,,57.24,68.72,56.94,82.31
"Natural Gas, Opal, $ per MMBtu-I",2.13,2016-06-08,0.7561219797213337,49.12,75.61,rain,,57.41,68.45,53.42,65.75
"Natural Gas, Opal, $ per MMBtu-I",2.09,2016-06-09,0.7371640659767196,44.25,77.58,,,56.21,65.81,50.47,62.81
"Natural Gas, Opal, $ per MMBtu-I",2.14,2016-06-10,0.7608058290337602,46.04,73.58,,,53.54,68.77,51.04,63.94
"Natural Gas, Opal, $ per MMBtu-I",2.22,2016-06-13,0.7975071958841882,36.71,62.26,rain,,53.88,65.97,49.13,63.3
"Natural Gas, Opal, $ per MMBtu-I",2.21,2016-06-14,0.7929925155296614,40.07,66.61,rain,,52.84,65.92,45.82,57.52
"Natural Gas, Opal, $ per MMBtu-I",2.27,2016-06-15,0.8197798314933114,44.46,73.31,,,54.71,63.6,50.83,64.75
"Natural Gas, Opal, $ per MMBtu-I",2.3,2016-06-16,0.8329091229351039,38.58,67.52,,,59.2,70.87,48.89,67.64
"Natural Gas, Opal, $ per MMBtu-I",2.47,2016-06-17,0.9042181506398859,41.21,74.61,,,55.61,69.04,53.12,66.45
"Natural Gas, Opal, $ per MMBtu-I",2.59,2016-06-20,0.9516578757114463,47.42,83.18,,,57.19,79.79,54.99,73.28
"Natural Gas, Opal, $ per MMBtu-I",2.6,2016-06-21,0.9555114450274363,42.18,79.45,,,55.02,81.01,53.72,68.75
"Natural Gas, Opal, $ per MMBtu-I",2.61,2016-06-22,0.959350221334602,49.4,79.91,,,54.2,68.58,54.88,72.96
"Natural Gas, Opal, $ per MMBtu-I",2.52,2016-06-23,0.9242589015233319,43.09,81.06,,,55.01,75.39,52.31,66.15
"Natural Gas, Opal, $ per MMBtu-I",2.5,2016-06-24,0.9162907318741551,38.2,75.57,,,56.83,76.91,55.76,65.91
"Natural Gas, Opal, $ per MMBtu-I",2.65,2016-06-27,0.9745596399981308,49.87,81.93,,,56.29,81.78,55.18,82.86
"Natural Gas, Opal, $ per MMBtu-I",2.68,2016-06-28,0.9858167945227654,49.59,85.22,,,53.2,75.79,56.5,77.01
"Natural Gas, Opal, $ per MMBtu-I",2.78,2016-06-29,1.0224509277025455,55.47,79.58,rain,,53.92,66.03,56.27,71.82
"Natural Gas, Opal, $ per MMBtu-I",2.66,2016-06-30,0.9783261227936078,45.69,65.61,rain,,55.26,75.22,54.68,71.44
"Natural Gas, Opal, $ per MMBtu-I",2.51,2016-07-01,0.9202827531436925,45.1,73.35,rain,,54.52,69.02,59.74,74.08
"Natural Gas, Opal, $ per MMBtu-I",2.45,2016-07-05,0.8960880245566357,46.89,75.19,,,54.39,65.16,55.9,65.41
"Natural Gas, Opal, $ per MMBtu-I",2.32,2016-07-06,0.8415671856782185,43.76,71.84,,,54.49,63.55,58.27,74.2
"Natural Gas, Opal, $ per MMBtu-I",2.47,2016-07-07,0.9042181506398859,44.87,71.63,,,55.6,64.64,58.84,67.04
"Natural Gas, Opal, $ per MMBtu-I",2.5,2016-07-08,0.9162907318741551,46.79,79.51,,,59.54,70.17,56.94,71.81
"Natural Gas, Opal, $ per MMBtu-I",2.69,2016-07-11,0.9895411936137477,33.7,61.11,,,55.2,74.75,56.48,71.17
"Natural Gas, Opal, $ per MMBtu-I",2.6,2016-07-12,0.9555114450274363,39.65,70.44,,,55.75,71.36,56.81,73.85
"Natural Gas, Opal, $ per MMBtu-I",2.64,2016-07-13,0.9707789171582248,38.34,71.59,,,57.38,81.09,54.14,72.91
"Natural Gas, Opal, $ per MMBtu-I",2.65,2016-07-14,0.9745596399981308,42.45,75.98,,,55.77,76.15,54.85,74.76
"Natural Gas, Opal, $ per MMBtu-I",2.46,2016-07-15,0.9001613499442714,49.89,79.51,,,56.64,71.81,57.96,73.78
"Natural Gas, Opal, $ per MMBtu-I",2.69,2016-07-18,0.9895411936137477,50.54,79.38,,,54.98,68.1,59.44,68.36
"Natural Gas, Opal, $ per MMBtu-I",2.69,2016-07-19,0.9895411936137477,52.67,80.51,,,55.18,69.9,59.17,74.9
"Natural Gas, Opal, $ per MMBtu-I",2.61,2016-07-20,0.959350221334602,49,82.02,,,55.46,72.13,56.81,79.13
"Natural Gas, Opal, $ per MMBtu-I",2.6,2016-07-21,0.9555114450274363,55.87,84.87,,,55.59,71.14,59.84,80.82
"Natural Gas, Opal, $ per MMBtu-I",2.68,2016-07-22,0.9858167945227654,47.7,82.78,,,57.06,76.24,58.54,66.45
"Natural Gas, Opal, $ per MMBtu-I",2.69,2016-07-25,0.9895411936137477,47.31,84.84,,,57.08,76.18,59.07,83.38
"Natural Gas, Opal, $ per MMBtu-I",2.61,2016-07-26,0.959350221334602,46.18,83.65,,,59.76,86.57,56.48,77.26
"Natural Gas, Opal, $ per MMBtu-I",2.67,2016-07-27,0.9820784724121582,47.76,83.42,,,55.97,81.42,59.14,82.22
"Natural Gas, Opal, $ per MMBtu-I",2.63,2016-07-28,0.9669838461896731,50.55,82.77,,,55.85,77.56,60.02,85.28
"Natural Gas, Opal, $ per MMBtu-I",2.73,2016-07-29,1.0043016091968684,49.15,83.39,,,55.77,77.83,58.12,86.04
"Natural Gas, Opal, $ per MMBtu-I",2.73,2016-08-01,1.0043016091968684,48.14,81.13,rain,,56.43,70.98,57.36,75.78
"Natural Gas, Opal, $ per MMBtu-I",2.63,2016-08-02,0.9669838461896731,50.84,79.28,,,56.41,72.27,58.52,69.16
"Natural Gas, Opal, $ per MMBtu-I",2.64,2016-08-03,0.9707789171582248,36.03,78.8,,,55.26,71.47,54.88,73.59
"Natural Gas, Opal, $ per MMBtu-I",2.73,2016-08-04,1.0043016091968684,49.73,79.47,,,56.73,64.16,55.86,79.07
"Natural Gas, Opal, $ per MMBtu-I",2.63,2016-08-05,0.9669838461896731,50.38,79.38,,,55.22,67.21,54.57,76.76
"Natural Gas, Opal, $ per MMBtu-I",2.68,2016-08-08,0.9858167945227654,48.8,76.65,rain,,56.09,72.41,58.57,69.97
"Natural Gas, Opal, $ per MMBtu-I",2.62,2016-08-09,0.9631743177730056,45.05,78.01,,,57.02,72.92,59.5,69.41
"Natural Gas, Opal, $ per MMBtu-I",2.57,2016-08-10,0.9439058989071284,44.1,74.2,,,56.12,70.87,56.85,73.69
"Natural Gas, Opal, $ per MMBtu-I",2.5,2016-08-11,0.9162907318741551,37.88,70.61,rain,,56.09,70.48,59.07,78.76
"Natural Gas, Opal, $ per MMBtu-I",2.58,2016-08-12,0.9477893989335261,39.67,73.79,,,55.41,73.59,62.09,86.32
"Natural Gas, Opal, $ per MMBtu-I",2.59,2016-08-15,0.9516578757114463,45.43,77.3,,,55.05,70.12,56.62,81.31
"Natural Gas, Opal, $ per MMBtu-I",2.53,2016-08-16,0.9282193027394288,52.89,79.33,,,55.81,71.19,56.44,80.2
"Natural Gas, Opal, $ per MMBtu-I",2.51,2016-08-17,0.9202827531436925,45.8,77.37,rain,,57.49,72.27,59.04,78.47
"Natural Gas, Opal, $ per MMBtu-I",2.48,2016-08-18,0.9082585601768908,43.51,70.68,,,57.75,72.44,65.69,85.16
"Natural Gas, Opal, $ per MMBtu-I",2.42,2016-08-19,0.883767540168595,36.02,72.07,,,57.78,69.51,60.27,91.5
"Natural Gas, Opal, $ per MMBtu-I",2.47,2016-08-22,0.9042181506398859,42.13,77.77,,,58.2,68.05,52.51,70.97
"Natural Gas, Opal, $ per MMBtu-I",2.54,2016-08-23,0.9321640810304452,35.14,71.98,,,57.06,69.5,56.52,76.95
"Natural Gas, Opal, $ per MMBtu-I",2.63,2016-08-24,0.9669838461896731,40.6,68.27,,,55.35,68.83,59.08,82.51
"Natural Gas, Opal, $ per MMBtu-I",2.65,2016-08-25,0.9745596399981308,35.69,64.28,,,59.53,67.86,60.54,87.74
"Natural Gas, Opal, $ per MMBtu-I",2.59,2016-08-26,0.9516578757114463,34.79,68.78,,,60.65,68.58,61.08,89.79
"Natural Gas, Opal, $ per MMBtu-I",2.78,2016-08-29,1.0224509277025455,50.41,79.67,,,59.18,71.7,57.66,79.41
"Natural Gas, Opal, $ per MMBtu-I",2.83,2016-08-30,1.0402767116551463,48.95,79.03,,,58.43,75.28,58.22,68.99
"Natural Gas, Opal, $ per MMBtu-I",2.73,2016-08-31,1.0043016091968684,48.37,80.28,,,57.76,71.56,58.4,67.26
"Natural Gas, Opal, $ per MMBtu-I",2.7,2016-09-01,0.9932517730102834,46.46,76.45,,,56.85,67.3,56.26,65.02
"Natural Gas, Opal, $ per MMBtu-I",2.52,2016-09-02,0.9242589015233319,44.33,75,,,56.14,71.89,55.0,66.35
"Natural Gas, Opal, $ per MMBtu-I",2.61,2016-09-06,0.959350221334602,40.42,66.95,,,59.89,81.72,57.72,64.52
"Natural Gas, Opal, $ per MMBtu-I",2.56,2016-09-07,0.9400072584914712,36.32,66.05,,,58.55,87.81,57.61,64.22
"Natural Gas, Opal, $ per MMBtu-I",2.61,2016-09-08,0.959350221334602,37.83,66.29,,,56.11,68.47,49.7,67.74
"Natural Gas, Opal, $ per MMBtu-I",2.6,2016-09-09,0.9555114450274363,26.54,61.59,,,55.84,69.38,52.06,72.96
"Natural Gas, Opal, $ per MMBtu-I",2.72,2016-09-12,1.000631880307906,39.28,62.68,,,54.95,61.93,50.81,71.81
"Natural Gas, Opal, $ per MMBtu-I",2.78,2016-09-13,1.0224509277025455,39.47,63.06,rain,,55.33,69.98,50.52,73.46
"Natural Gas, Opal, $ per MMBtu-I",2.77,2016-09-14,1.0188473201992472,34.2,51.4,rain,,55.1,73.62,52.18,77.4
"Natural Gas, Opal, $ per MMBtu-I",2.69,2016-09-15,0.9895411936137477,30.26,51.95,rain,,54.03,69.56,51.12,70.55
"Natural Gas, Opal, $ per MMBtu-I",2.64,2016-09-16,0.9707789171582248,32.01,60.52,,,54.26,73.5,57.08,73.18
"Natural Gas, Opal, $ per MMBtu-I",2.75,2016-09-19,1.0116009116784799,37.46,73.52,,,58.06,87.29,48.34,66.05
"Natural Gas, Opal, $ per MMBtu-I",2.88,2016-09-20,1.0577902941478545,40.2,74.79,,,56.72,73.04,48.92,65.09
"Natural Gas, Opal, $ per MMBtu-I",2.93,2016-09-21,1.075002423028976,44.33,71.23,,,55.12,67.68,47.6,65.74
"Natural Gas, Opal, $ per MMBtu-I",2.91,2016-09-22,1.0681530811834012,38.12,61.34,rain,,53.48,68.38,53.6,65.5
"Natural Gas, Opal, $ per MMBtu-I",2.83,2016-09-23,1.0402767116551463,32.87,42.23,rain,,58.27,73.0,53.77,61.22
"Natural Gas, Opal, $ per MMBtu-I",2.87,2016-09-26,1.0543120297715298,35.78,67.03,,,61.63,93.82,59.39,75.73
"Natural Gas, Opal, $ per MMBtu-I",2.81,2016-09-27,1.0331844833456545,39.98,70.47,,,56.45,85.36,52.03,67.03
"Natural Gas, Opal, $ per MMBtu-I",2.7,2016-09-28,0.9932517730102834,45.92,71.58,,,55.51,67.77,46.57,65.39
"Natural Gas, Opal, $ per MMBtu-I",2.66,2016-09-29,0.9783261227936078,39.63,66.08,rain,,53.29,65.91,45.64,63.49
"Natural Gas, Opal, $ per MMBtu-I",2.6,2016-09-30,0.9555114450274363,38.67,64.11,,,53.27,64.72,50.04,64.66
"Natural Gas, Opal, $ per MMBtu-I",2.59,2016-10-03,0.9516578757114463,32.83,38.67,rain,,56.98,62.74,51.87,59.57
"Natural Gas, Opal, $ per MMBtu-I",2.58,2016-10-04,0.9477893989335261,26,41.33,,,53.35,67.73,52.2,58.9
"Natural Gas, Opal, $ per MMBtu-I",2.63,2016-10-05,0.9669838461896731,26.35,42.92,snow,0,53.48,70.18,53.62,63.72
"Natural Gas, Opal, $ per MMBtu-I",2.77,2016-10-06,1.0188473201992472,22.55,40.68,rain,,55.55,73.91,53.49,61.18
"Natural Gas, Opal, $ per MMBtu-I",2.68,2016-10-07,0.9858167945227654,27.37,51.18,rain,,58.64,81.93,52.15,61.97
"Natural Gas, Opal, $ per MMBtu-I",2.88,2016-10-10,1.0577902941478545,38.18,63.02,,,57.01,66.16,41.14,57.85
"Natural Gas, Opal, $ per MMBtu-I",2.81,2016-10-11,1.0331844833456545,22.08,53.24,,,54.51,66.06,40.92,61.29
"Natural Gas, Opal, $ per MMBtu-I",2.78,2016-10-12,1.0224509277025455,25.46,55.11,,,54.27,62.97,51.4,64.11
"Natural Gas, Opal, $ per MMBtu-I",2.71,2016-10-13,0.9969486348916096,39.04,59.42,,,61.68,68.71,52.03,54.55
"Natural Gas, Opal, $ per MMBtu-I",2.65,2016-10-14,0.9745596399981308,40.53,58.4,,,57.52,63.09,50.25,56.47
"Natural Gas, Opal, $ per MMBtu-I",2.78,2016-10-17,1.0224509277025455,19.33,37.28,snow,0.933,53.37,66.83,49.28,58.56
"Natural Gas, Opal, $ per MMBtu-I",2.92,2016-10-18,1.0715836162801904,29.48,42.48,snow,0.091,53.95,68.72,46.64,57.5
"Natural Gas, Opal, $ per MMBtu-I",2.98,2016-10-19,1.091923300517313,17.49,38.85,snow,0,55.01,73.73,50.57,56.37
"Natural Gas, Opal, $ per MMBtu-I",2.91,2016-10-20,1.0681530811834012,23.07,47.72,snow,0,56.83,78.43,48.91,58.21
"Natural Gas, Opal, $ per MMBtu-I",2.65,2016-10-21,0.9745596399981308,27.39,58.54,,,55.12,74.62,46.61,57.77
"Natural Gas, Opal, $ per MMBtu-I",2.63,2016-10-24,0.9669838461896731,37.86,50.45,rain,,60.77,65.6,49.65,59.84
"Natural Gas, Opal, $ per MMBtu-I",2.56,2016-10-25,0.9400072584914712,29.2,54.61,rain,,56.61,69.0,51.19,62.04
"Natural Gas, Opal, $ per MMBtu-I",2.61,2016-10-26,0.959350221334602,32.12,60.44,rain,,59.2,70.63,51.79,56.27
"Natural Gas, Opal, $ per MMBtu-I",2.56,2016-10-27,0.9400072584914712,35.68,63.31,,,60.4,64.87,50.22,57.28
"Natural Gas, Opal, $ per MMBtu-I",2.5,2016-10-28,0.9162907318741551,41.82,54.87,rain,,60.81,65.14,51.38,63.46
"Natural Gas, Opal, $ per MMBtu-I",2.45,2016-10-31,0.8960880245566357,25.14,43.18,rain,,55.41,64.44,48.93,56.47
"Natural Gas, Opal, $ per MMBtu-I",2.07,2016-11-01,0.7275486072772777,20.26,36.81,snow,0,50.65,64.03,50.82,54.84
"Natural Gas, Opal, $ per MMBtu-I",1.93,2016-11-02,0.6575200029167941,17.1,45.71,snow,0.011,53.1,67.88,49.79,55.03
"Natural Gas, Opal, $ per MMBtu-I",2.05,2016-11-03,0.7178397931503168,22.16,53.69,,,56.17,71.14,44.85,63.16
"Natural Gas, Opal, $ per MMBtu-I",1.86,2016-11-04,0.62057648772511,24.86,56.91,,,52.97,71.53,53.94,63.84
"Natural Gas, Opal, $ per MMBtu-I",2.11,2016-11-07,0.7466879474879751,26.55,53.3,,,58.82,69.43,51.41,62.84
"Natural Gas, Opal, $ per MMBtu-I",2.06,2016-11-08,0.7227059828014898,27.08,57.65,,,56.91,73.7,54.37,69.44
"Natural Gas, Opal, $ per MMBtu-I",2.01,2016-11-09,0.6981347220709843,26.97,59.13,,,58.31,73.88,48.07,62.9
"Natural Gas, Opal, $ per MMBtu-I",1.87,2016-11-10,0.6259384308664954,28.15,57.18,,,57.81,73.76,52.55,63.76
"Natural Gas, Opal, $ per MMBtu-I",1.74,2016-11-11,0.5538851132264376,25.59,56.03,,,60.03,70.57,55.52,61.61
"Natural Gas, Opal, $ per MMBtu-I",2.08,2016-11-14,0.7323678937132266,25.74,54.41,,,56.09,66.28,48.23,55.74
"Natural Gas, Opal, $ per MMBtu-I",2.23,2016-11-15,0.8020015854720274,30.86,59.53,,,50.52,62.7,43.57,53.39
"Natural Gas, Opal, $ per MMBtu-I",2.38,2016-11-16,0.8671004876833833,22.68,45.78,,,45.46,60.05,43.49,48.86
"Natural Gas, Opal, $ per MMBtu-I",2.2,2016-11-17,0.7884573603642703,7.64,26.16,snow,0.029,46.26,60.92,38.48,51.23
"Natural Gas, Opal, $ per MMBtu-I",2.29,2016-11-18,0.8285518175661483,15.31,31.62,snow,0.046,57.41,65.04,47.52,52.21
"Natural Gas, Opal, $ per MMBtu-I",2.67,2016-11-21,0.9820784724121582,27.12,37.6,snow,0.623,47.47,60.99,44.59,52.87
"Natural Gas, Opal, $ per MMBtu-I",2.62,2016-11-22,0.9631743177730056,17.79,35,snow,0.017,48.7,59.82,43.61,51.56
"Natural Gas, Opal, $ per MMBtu-I",2.57,2016-11-23,0.9439058989071284,15.43,35.3,snow,0,43.48,58.82,45.09,47.74
"Natural Gas, Opal, $ per MMBtu-I",2.97,2016-11-28,1.0885619528146082,14.74,26.04,,,45.35,59.1,43.75,49.93
"Natural Gas, Opal, $ per MMBtu-I",2.98,2016-11-29,1.091923300517313,5.7,24.94,,,45.5,58.93,43.43,50.06
"Natural Gas, Opal, $ per MMBtu-I",3.2,2016-11-30,1.1631508098056809,15.55,23.69,,,45.02,54.41,39.97,50.24
"Natural Gas, Opal, $ per MMBtu-I",3.27,2016-12-01,1.184789984909162,1.69,25.39,,,50.55,59.09,44.03,45.43
"Natural Gas, Opal, $ per MMBtu-I",3.18,2016-12-02,1.1568811967920856,5.53,26.14,snow,0.138,46.29,62.13,44.33,48.09
"Natural Gas, Opal, $ per MMBtu-I",3.55,2016-12-05,1.2669476034873244,-11.34,15.71,,,44.64,54.74,34.14,38.5
"Natural Gas, Opal, $ per MMBtu-I",3.69,2016-12-06,1.3056264580524357,,10.06,,,43.41,54.68,26.97,39.42
"Natural Gas, Opal, $ per MMBtu-I",3.62,2016-12-07,1.2864740258376797,-13.62,12.48,,,44.51,49.77,29.4,36.79
"Natural Gas, Opal, $ per MMBtu-I",3.5,2016-12-08,1.252762968495368,8.63,10.03,,,55.89,57.07,31.04,37.68
"Natural Gas, Opal, $ per MMBtu-I",3.66,2016-12-09,1.297463147413275,29.33,31.81,,,58.42,61.0,34.99,35.29
"Natural Gas, Opal, $ per MMBtu-I",3.5,2016-12-12,1.252762968495368,6.08,24.43,,,48.94,54.54,35.32,41.48
"Natural Gas, Opal, $ per MMBtu-I",3.52,2016-12-13,1.2584609896100056,14.97,21.53,,,53.11,56.47,30.04,38.26
"Natural Gas, Opal, $ per MMBtu-I",3.43,2016-12-14,1.2325602611778486,23.23,27.15,,,57.23,60.23,32.45,36.1
"Natural Gas, Opal, $ per MMBtu-I",3.47,2016-12-15,1.244154593958768,33.56,39.2,,,47.36,58.85,28.04,37.12
"Natural Gas, Opal, $ per MMBtu-I",3.71,2016-12-16,1.3110318766193438,-3.02,36.17,snow,0,38.47,53.27,23.64,33.21
"Natural Gas, Opal, $ per MMBtu-I",3.56,2016-12-19,1.269760544863939,18.35,20.66,,,41.71,53.38,41.92,43.45
"Natural Gas, Opal, $ per MMBtu-I",3.27,2016-12-20,1.184789984909162,22.25,34.74,snow,0,47.87,57.38,36.5,48.55
"Natural Gas, Opal, $ per MMBtu-I",3.31,2016-12-21,1.1969481893889715,2.48,28.11,,,44.77,61.42,36.54,45.73
"Natural Gas, Opal, $ per MMBtu-I",3.38,2016-12-22,1.2178757094949273,5.68,23.88,,,46.7,60.78,37.76,44.0
"Natural Gas, Opal, $ per MMBtu-I",3.46,2016-12-23,1.2412685890696329,21.41,25.62,,,42.48,52.2,35.7,37.95
"Natural Gas, Opal, $ per MMBtu-I",3.53,2016-12-27,1.2612978709452054,19.49,21.81,,,40.92,54.46,38.37,44.11
"Natural Gas, Opal, $ per MMBtu-I",3.5,2016-12-28,1.252762968495368,-0.29,22.1,,,45.64,58.64,40.06,46.6
"Natural Gas, Opal, $ per MMBtu-I",3.54,2016-12-29,1.264126727145683,1.66,25.99,snow,0.09,44.73,59.05,38.4,44.58
"Natural Gas, Opal, $ per MMBtu-I",3.72,2016-12-30,1.3137236682850553,9.29,30.78,,,43.37,58.91,32.51,42.84
"Natural Gas, Opal, $ per MMBtu-I",3.38,2017-01-03,1.2178757094949273,15.07,20.03,snow,0.044,52.83,53.59,24.55,33.52
"Natural Gas, Opal, $ per MMBtu-I",3.38,2017-01-04,1.2178757094949273,-4.04,22.98,snow,1.415,42.49,53.8,22.3,37.23
"Natural Gas, Opal, $ per MMBtu-I",3.26,2017-01-05,1.1817271953786161,-21.78,2.28,snow,0.038,37.12,49.87,23.21,36.7
"Natural Gas, Opal, $ per MMBtu-I",3.16,2017-01-06,1.1505720275988207,-18.21,3.04,snow,0.058,43.07,48.26,28.08,38.68
"Natural Gas, Opal, $ per MMBtu-I",2.96,2017-01-09,1.085189268335969,21.07,33.59,snow,1.59,53.16,56.65,35.14,40.31
"Natural Gas, Opal, $ per MMBtu-I",3.12,2017-01-10,1.1378330018213911,28.31,28.85,snow,0.016,50.03,57.75,29.95,38.31
"Natural Gas, Opal, $ per MMBtu-I",3.21,2017-01-11,1.1662709371419244,4.47,29.41,snow,0.091,44.82,53.51,24.07,34.57
"Natural Gas, Opal, $ per MMBtu-I",3.32,2017-01-12,1.199964782928397,5.97,19.15,,,40.87,49.96,25.58,38.19
"Natural Gas, Opal, $ per MMBtu-I",3.34,2017-01-13,1.205970806988609,8.92,21.12,snow,0.12,41.61,56.04,27.28,36.93
"Natural Gas, Opal, $ per MMBtu-I",3.28,2017-01-17,1.1878434223960523,-4.49,13.96,,,46.98,50.75,44.05,44.81
"Natural Gas, Opal, $ per MMBtu-I",3.16,2017-01-18,1.1505720275988207,3.2,22.04,,,50.47,51.73,44.07,50.89
"Natural Gas, Opal, $ per MMBtu-I",3.07,2017-01-19,1.1216775615991057,13.18,22.81,snow,0.084,47.77,55.45,37.81,48.64
"Natural Gas, Opal, $ per MMBtu-I",3.05,2017-01-20,1.1151415906193203,8.61,24.21,snow,0.063,47.81,52.44,40.55,49.57
"Natural Gas, Opal, $ per MMBtu-I",3.15,2017-01-23,1.1474024528375417,15.87,25.44,snow,0.728,42.57,50.58,33.38,46.13
"Natural Gas, Opal, $ per MMBtu-I",3.26,2017-01-24,1.1817271953786161,-0.18,19.89,,,41.44,53.19,37.07,42.74
"Natural Gas, Opal, $ per MMBtu-I",3.29,2017-01-25,1.1908875647772805,0.41,12.86,,,43.83,54.29,40.69,43.16
"Natural Gas, Opal, $ per MMBtu-I",3.38,2017-01-26,1.2178757094949273,-12.21,14.26,snow,0.186,44.24,55.76,37.34,47.32
"Natural Gas, Opal, $ per MMBtu-I",3.1,2017-01-27,1.1314021114911006,-1.79,5.94,,,43.02,58.15,38.49,52.44
"Natural Gas, Opal, $ per MMBtu-I",2.97,2017-01-30,1.0885619528146082,16.44,29.17,snow,0.043,43.7,61.52,38.24,44.9
"Natural Gas, Opal, $ per MMBtu-I",2.89,2017-01-31,1.0612565021243408,27.23,32.56,snow,0.054,48.43,59.13,29.69,43.12
"Natural Gas, Opal, $ per MMBtu-I",2.93,2017-02-01,1.075002423028976,6.19,35.54,snow,0.007,50.07,55.27,30.9,42.98
"Natural Gas, Opal, $ per MMBtu-I",2.85,2017-02-02,1.0473189942805592,21.12,26.38,snow,0.018,55.98,60.75,33.79,44.14
"Natural Gas, Opal, $ per MMBtu-I",2.75,2017-02-03,1.0116009116784799,25.48,32.86,snow,0.045,54.12,58.94,37.22,38.81
"Natural Gas, Opal, $ per MMBtu-I",2.69,2017-02-06,0.9895411936137477,26.46,35.22,snow,0.008,54.47,57.45,32.21,37.56
"Natural Gas, Opal, $ per MMBtu-I",2.86,2017-02-07,1.0508216248317612,29.08,36.9,snow,0.396,57.02,59.94,34.6,38.82
"Natural Gas, Opal, $ per MMBtu-I",2.78,2017-02-08,1.0224509277025455,32.92,36.29,snow,0,59.77,61.53,37.43,37.65
"Natural Gas, Opal, $ per MMBtu-I",2.86,2017-02-09,1.0508216248317612,36.16,42.54,rain,,54.81,60.23,43.92,54.98
"Natural Gas, Opal, $ per MMBtu-I",2.7,2017-02-10,0.9932517730102834,27.69,38.23,rain,,45.57,60.53,38.87,46.66
"Natural Gas, Opal, $ per MMBtu-I",2.7,2017-02-13,0.9932517730102834,1.15,27.36,,,48.42,61.68,36.55,55.25
"Natural Gas, Opal, $ per MMBtu-I",2.66,2017-02-14,0.9783261227936078,0.93,29.36,,,52.09,66.06,45.47,57.11
"Natural Gas, Opal, $ per MMBtu-I",2.71,2017-02-15,0.9969486348916096,2.64,32.4,,,56.3,65.03,48.03,51.29
"Natural Gas, Opal, $ per MMBtu-I",2.58,2017-02-16,0.9477893989335261,11.72,33.98,,,52.97,62.54,42.37,52.8
"Natural Gas, Opal, $ per MMBtu-I",2.46,2017-02-17,0.9001613499442714,26.23,34.26,,,51.82,56.97,42.2,53.89
"Natural Gas, Opal, $ per MMBtu-I",2.36,2017-02-21,0.8586616190375187,22.49,41.18,rain,,43.56,57.11,36.83,46.74
"Natural Gas, Opal, $ per MMBtu-I",2.33,2017-02-22,0.8458682675776092,17.84,30.24,snow,0.182,40.95,54.64,34.81,44.93
"Natural Gas, Opal, $ per MMBtu-I",2.4,2017-02-23,0.8754687373538999,9.35,23.43,snow,0.862,38.57,52.89,34.64,41.44
"Natural Gas, Opal, $ per MMBtu-I",2.35,2017-02-24,0.8544153281560676,-6.85,20.04,snow,0.213,41.33,53.66,31.66,45.41
"Natural Gas, Opal, $ per MMBtu-I",2.31,2017-02-27,0.8372475245337022,-10.63,22.95,snow,0.276,41.37,54.35,32.99,40.21
"Natural Gas, Opal, $ per MMBtu-I",2.4,2017-02-28,0.8754687373538999,13.81,18.92,snow,0.258,42.44,56.85,42.24,45.24
"Natural Gas, Opal, $ per MMBtu-I",2.45,2017-03-01,0.8960880245566357,7.36,24.89,snow,0.035,43.63,61.47,41.97,48.59
"Natural Gas, Opal, $ per MMBtu-I",2.4,2017-03-02,0.8754687373538999,-0.91,29.47,snow,0.045,45.12,65.65,43.28,47.09
"Natural Gas, Opal, $ per MMBtu-I",2.41,2017-03-03,0.8796267475025636,9.21,31.03,snow,0.033,49.86,63.18,35.72,49.48
"Natural Gas, Opal, $ per MMBtu-I",2.5,2017-03-06,0.9162907318741551,14.49,19.37,,,42.97,53.6,36.28,43.03
"Natural Gas, Opal, $ per MMBtu-I",2.41,2017-03-07,0.8796267475025636,23.76,27.51,,,46.88,58.55,37.41,40.8
"Natural Gas, Opal, $ per MMBtu-I",2.53,2017-03-08,0.9282193027394288,28.87,36.89,snow,0.038,51.21,64.99,37.89,42.87
"Natural Gas, Opal, $ per MMBtu-I",2.58,2017-03-09,0.9477893989335261,28.01,42.16,,,53.26,68.58,44.3,43.73
"Natural Gas, Opal, $ per MMBtu-I",2.66,2017-03-10,0.9783261227936078,24.45,42.12,rain,,52.42,70.02,40.6,51.88
"Natural Gas, Opal, $ per MMBtu-I",2.69,2017-03-13,0.9895411936137477,28.96,43.39,,,55.19,76.37,48.54,52.03
"Natural Gas, Opal, $ per MMBtu-I",2.67,2017-03-14,0.9820784724121582,25.36,50.15,,,52.76,76.52,47.97,56.4
"Natural Gas, Opal, $ per MMBtu-I",2.6,2017-03-15,0.9555114450274363,31.45,52.08,,,55.38,60.82,40.2,50.43
"Natural Gas, Opal, $ per MMBtu-I",2.45,2017-03-16,0.8960880245566357,25.14,47.62,,,49.81,65.73,37.37,51.93
"Natural Gas, Opal, $ per MMBtu-I",2.45,2017-03-17,0.8960880245566357,28.51,51.87,,,54.86,73.64,44.04,45.08
"Natural Gas, Opal, $ per MMBtu-I",2.6,2017-03-20,0.9555114450274363,34.11,52.79,,,57.55,60.42,45.16,52.3
"Natural Gas, Opal, $ per MMBtu-I",2.69,2017-03-21,0.9895411936137477,36.53,53.66,,,52.44,63.43,46.81,54.64
"Natural Gas, Opal, $ per MMBtu-I",2.61,2017-03-22,0.959350221334602,32.05,42.8,rain,,47.01,58.29,41.56,55.02
"Natural Gas, Opal, $ per MMBtu-I",2.59,2017-03-23,0.9516578757114463,21.76,36.15,snow,2.985,51.64,59.34,44.81,56.63
"Natural Gas, Opal, $ per MMBtu-I",2.58,2017-03-24,0.9477893989335261,31.89,43.31,,,50.46,55.67,43.47,52.97
"Natural Gas, Opal, $ per MMBtu-I",2.63,2017-03-27,0.9669838461896731,29.32,40.45,snow,0.025,49.62,61.22,44.67,52.35
"Natural Gas, Opal, $ per MMBtu-I",2.57,2017-03-28,0.9439058989071284,22.25,42.86,,,52.42,70.6,45.46,51.77
"Natural Gas, Opal, $ per MMBtu-I",2.63,2017-03-29,0.9669838461896731,33.67,46.12,,,52.08,68.95,42.58,54.92
"Natural Gas, Opal, $ per MMBtu-I",2.63,2017-03-30,0.9669838461896731,33.76,40.8,rain,,53.06,63.0,39.28,52.66
"Natural Gas, Opal, $ per MMBtu-I",2.65,2017-03-31,0.9745596399981308,29.29,42.46,rain,,55.82,70.76,47.44,55.53
"Natural Gas, Opal, $ per MMBtu-I",2.72,2017-04-03,1.000631880307906,19.25,38.52,,,50.05,69.38,42.72,54.13
"Natural Gas, Opal, $ per MMBtu-I",2.78,2017-04-04,1.0224509277025455,16.51,35.5,,,53.12,67.14,48.1,61.46
"Natural Gas, Opal, $ per MMBtu-I",2.91,2017-04-05,1.0681530811834012,24.53,44.41,,,55.93,71.15,47.62,52.4
"Natural Gas, Opal, $ per MMBtu-I",2.84,2017-04-06,1.0438040521731147,34.39,56.61,,,49.83,62.26,47.35,58.55
"Natural Gas, Opal, $ per MMBtu-I",2.8,2017-04-07,1.0296194171811581,31.6,51.97,rain,,47.78,61.0,43.26,57.09
"Natural Gas, Opal, $ per MMBtu-I",2.8,2017-04-10,1.0296194171811581,19.84,42.32,snow,0,53.19,63.4,37.13,50.56
"Natural Gas, Opal, $ per MMBtu-I",2.75,2017-04-11,1.0116009116784799,27.11,50.1,,,54.5,63.65,46.32,56.52
"Natural Gas, Opal, $ per MMBtu-I",2.76,2017-04-12,1.0152306797290584,30.03,57.98,,,51.78,63.18,43.74,58.04
"Natural Gas, Opal, $ per MMBtu-I",2.74,2017-04-13,1.007957920399979,29.12,62.73,,,45.2,57.54,42.77,53.37
"Natural Gas, Opal, $ per MMBtu-I",2.76,2017-04-17,1.0152306797290584,34.68,50.16,,,54.06,61.37,48.58,59.85
"Natural Gas, Opal, $ per MMBtu-I",2.75,2017-04-18,1.0116009116784799,32.05,50.43,rain,,50.67,64.36,44.95,58.18
"Natural Gas, Opal, $ per MMBtu-I",2.78,2017-04-19,1.0224509277025455,27.11,45.79,rain,,53.01,65.38,45.25,55.68
"Natural Gas, Opal, $ per MMBtu-I",2.78,2017-04-20,1.0224509277025455,29.06,47.4,rain,,51.87,65.68,42.41,57.65
"Natural Gas, Opal, $ per MMBtu-I",2.69,2017-04-21,0.9895411936137477,20.64,39.52,snow,0.017,51.9,73.43,56.72,65.65
"Natural Gas, Opal, $ per MMBtu-I",2.64,2017-04-24,0.9707789171582248,29.53,38.59,snow,0.093,52.13,59.38,47.28,56.22
"Natural Gas, Opal, $ per MMBtu-I",2.63,2017-04-25,0.9669838461896731,28.31,40.36,snow,0.005,56.41,63.29,48.47,55.84
"Natural Gas, Opal, $ per MMBtu-I",2.69,2017-04-26,0.9895411936137477,27.58,41.93,rain,,52.16,61.45,42.92,53.89
"Natural Gas, Opal, $ per MMBtu-I",2.71,2017-04-27,0.9969486348916096,23.52,35.3,snow,0,50.72,66.24,44.05,54.88
"Natural Gas, Opal, $ per MMBtu-I",2.77,2017-04-28,1.0188473201992472,17.64,34.27,snow,0.22,58.19,70.0,41.88,58.57
"Natural Gas, Opal, $ per MMBtu-I",2.75,2017-05-01,1.0116009116784799,35.38,48.57,,,61.2,83.13,42.83,50.12
"Natural Gas, Opal, $ per MMBtu-I",2.69,2017-05-02,0.9895411936137477,26.82,48.77,,,60.95,83.97,54.67,61.72
"Natural Gas, Opal, $ per MMBtu-I",2.73,2017-05-03,1.0043016091968684,30.94,57.18,,,55.75,85.39,53.47,74.16
"Natural Gas, Opal, $ per MMBtu-I",2.76,2017-05-04,1.0152306797290584,37.02,67.35,,,53.49,67.8,53.3,75.62
"Natural Gas, Opal, $ per MMBtu-I",2.7,2017-05-05,0.9932517730102834,39.05,70.96,,,49.91,64.67,43.09,57.76
"Natural Gas, Opal, $ per MMBtu-I",2.68,2017-05-08,0.9858167945227654,35.98,61.76,rain,,52.79,69.68,45.22,64.51
"Natural Gas, Opal, $ per MMBtu-I",2.73,2017-05-09,1.0043016091968684,34.1,60.15,rain,,53.38,75.0,50.36,68.9
"Natural Gas, Opal, $ per MMBtu-I",2.81,2017-05-10,1.0331844833456545,33.68,61.2,,,52.25,61.85,53.44,71.2
"Natural Gas, Opal, $ per MMBtu-I",2.89,2017-05-11,1.0612565021243408,36.75,66.39,,,51.3,63.43,44.22,59.42
"Natural Gas, Opal, $ per MMBtu-I",2.89,2017-05-12,1.0612565021243408,35.97,68.56,,,48.55,62.5,45.42,53.93
"Natural Gas, Opal, $ per MMBtu-I",2.9,2017-05-15,1.0647107369924282,36.79,57.17,,,50.77,64.29,43.61,52.59
"Natural Gas, Opal, $ per MMBtu-I",2.81,2017-05-16,1.0331844833456545,27.95,49.01,rain,,50.68,60.53,45.78,52.79
"Natural Gas, Opal, $ per MMBtu-I",2.78,2017-05-17,1.0224509277025455,21.48,34.74,snow,0.225,50.31,66.99,48.66,57.44
"Natural Gas, Opal, $ per MMBtu-I",2.74,2017-05-18,1.007957920399979,26.25,34.35,snow,0.525,55.1,74.94,48.99,63.86
"Natural Gas, Opal, $ per MMBtu-I",2.77,2017-05-19,1.0188473201992472,26.8,40.75,rain,,55.5,80.89,53.65,71.27
"Natural Gas, Opal, $ per MMBtu-I",2.88,2017-05-22,1.0577902941478545,33.07,59.02,,,53.77,73.27,54.74,81.2
"Natural Gas, Opal, $ per MMBtu-I",2.9,2017-05-23,1.0647107369924282,38.24,64.74,,,52.35,68.79,47.35,77.17
"Natural Gas, Opal, $ per MMBtu-I",2.81,2017-05-24,1.0331844833456545,37.47,65.41,rain,,54.49,63.04,46.05,61.1
"Natural Gas, Opal, $ per MMBtu-I",2.84,2017-05-25,1.0438040521731147,34.8,53.74,rain,,54.81,62.39,49.99,68.82
"Natural Gas, Opal, $ per MMBtu-I",2.75,2017-05-26,1.0116009116784799,30.08,51,rain,,52.72,62.16,53.22,78.62
"Natural Gas, Opal, $ per MMBtu-I",2.71,2017-05-30,0.9969486348916096,38.93,70.01,,,54.59,61.58,52.64,57.84
"Natural Gas, Opal, $ per MMBtu-I",2.67,2017-05-31,0.9820784724121582,41.3,71.82,rain,,55.96,68.91,57.31,71.59
"Natural Gas, Opal, $ per MMBtu-I",2.52,2017-06-01,0.9242589015233319,39.82,66.53,rain,,53.97,69.12,55.22,66.39
"Natural Gas, Opal, $ per MMBtu-I",2.42,2017-06-02,0.883767540168595,36.46,64.66,rain,,54.31,74.08,54.77,72.11
"Natural Gas, Opal, $ per MMBtu-I",2.61,2017-06-05,0.959350221334602,44.81,71.64,,,52.64,73.53,52.09,71.24
"Natural Gas, Opal, $ per MMBtu-I",2.69,2017-06-06,0.9895411936137477,47.52,73.24,rain,,53.18,66.23,56.1,83.06
"Natural Gas, Opal, $ per MMBtu-I",2.74,2017-06-07,1.007957920399979,45.43,75.36,,,57.64,64.72,55.49,78.8
"Natural Gas, Opal, $ per MMBtu-I",2.63,2017-06-08,0.9669838461896731,42.21,75.04,,,58.31,64.74,50.55,62.41
"Natural Gas, Opal, $ per MMBtu-I",2.51,2017-06-09,0.9202827531436925,37.16,70.69,,,53.29,65.19,48.36,61.41
"Natural Gas, Opal, $ per MMBtu-I",2.6,2017-06-12,0.9555114450274363,32.41,65.19,rain,,52.53,65.82,51.2,62.94
"Natural Gas, Opal, $ per MMBtu-I",2.49,2017-06-13,0.9122827104766164,33.54,42.44,rain,,53.97,71.21,51.36,62.11
"Natural Gas, Opal, $ per MMBtu-I",2.6,2017-06-14,0.9555114450274363,36.07,59.78,,,55.06,75.44,53.05,64.66
"Natural Gas, Opal, $ per MMBtu-I",2.65,2017-06-15,0.9745596399981308,45.05,67.63,,,60.44,77.1,54.44,59.81
"Natural Gas, Opal, $ per MMBtu-I",2.7,2017-06-16,0.9932517730102834,49.19,65.86,rain,,60.88,80.91,51.05,66.09
"Natural Gas, Opal, $ per MMBtu-I",2.69,2017-06-19,0.9895411936137477,45.36,75,,,59.07,81.79,60.47,70.55
"Natural Gas, Opal, $ per MMBtu-I",2.65,2017-06-20,0.9745596399981308,47.01,79.82,,,55.51,77.18,52.08,66.64
"Natural Gas, Opal, $ per MMBtu-I",2.66,2017-06-21,0.9783261227936078,45.04,79.05,,,63.11,78.79,48.98,66.86
"Natural Gas, Opal, $ per MMBtu-I",2.6,2017-06-22,0.9555114450274363,41.16,70.34,,,58.5,82.38,52.16,73.14
"Natural Gas, Opal, $ per MMBtu-I",2.55,2017-06-23,0.9360933591703348,37.76,69.3,,,57.63,73.29,56.36,79.02
"Natural Gas, Opal, $ per MMBtu-I",2.65,2017-06-26,0.9745596399981308,49.72,78.94,,,57.72,70.91,54.59,72.2
"Natural Gas, Opal, $ per MMBtu-I",2.62,2017-06-27,0.9631743177730056,40.39,70.24,rain,,55.57,67.12,54.9,70.84
"Natural Gas, Opal, $ per MMBtu-I",2.63,2017-06-28,0.9669838461896731,35.8,69.74,rain,,54.86,65.85,54.24,67.14
"Natural Gas, Opal, $ per MMBtu-I",2.6,2017-06-29,0.9555114450274363,34.73,64.32,,,53.32,67.64,55.26,76.61
"Natural Gas, Opal, $ per MMBtu-I",2.44,2017-06-30,0.8919980393051105,38.74,68.58,,,53.73,67.88,55.68,82.53
"Natural Gas, Opal, $ per MMBtu-I",2.63,2017-07-05,0.9669838461896731,49.42,82.82,,,55.5,72.05,55.48,82.86
"Natural Gas, Opal, $ per MMBtu-I",2.66,2017-07-06,0.9783261227936078,56,84.59,,,58.73,77.64,55.37,82.61
"Natural Gas, Opal, $ per MMBtu-I",2.58,2017-07-07,0.9477893989335261,52.06,81.04,rain,,62.23,86.48,55.49,71.93
"Natural Gas, Opal, $ per MMBtu-I",2.6,2017-07-10,0.9555114450274363,47.41,77.63,,,55.39,70.86,55.07,71.11
"Natural Gas, Opal, $ per MMBtu-I",2.66,2017-07-11,0.9783261227936078,45.2,77.76,,,55.29,70.69,52.69,73.44
"Natural Gas, Opal, $ per MMBtu-I",2.71,2017-07-12,0.9969486348916096,45.38,78.87,,,55.1,71.13,57.06,76.64
"Natural Gas, Opal, $ per MMBtu-I",2.61,2017-07-13,0.959350221334602,49.1,82.74,,,55.91,70.54,51.76,71.95
"Natural Gas, Opal, $ per MMBtu-I",2.58,2017-07-14,0.9477893989335261,56.98,82.25,,,56.46,74.21,53.92,78.65
"Natural Gas, Opal, $ per MMBtu-I",2.68,2017-07-17,0.9858167945227654,46.83,74.72,rain,,54.69,77.18,53.4,75.74
"Natural Gas, Opal, $ per MMBtu-I",2.76,2017-07-18,1.0152306797290584,51.82,80.65,,,55.29,68.52,53.92,80.03
"Natural Gas, Opal, $ per MMBtu-I",2.7,2017-07-19,0.9932517730102834,52.02,79.76,rain,,56.12,72.47,60.31,76.77
"Natural Gas, Opal, $ per MMBtu-I",2.76,2017-07-20,1.0152306797290584,53.27,79.43,rain,,55.49,71.8,54.77,73.37
"Natural Gas, Opal, $ per MMBtu-I",2.69,2017-07-21,0.9895411936137477,43.86,79.4,,,56.32,73.46,62.87,76.8
"Natural Gas, Opal, $ per MMBtu-I",2.66,2017-07-24,0.9783261227936078,55.09,79.78,,,57.93,69.9,56.18,79.32
"Natural Gas, Opal, $ per MMBtu-I",2.69,2017-07-25,0.9895411936137477,51.31,69.35,,,58.65,71.42,56.51,83.7
"Natural Gas, Opal, $ per MMBtu-I",2.68,2017-07-26,0.9858167945227654,50.05,72.42,rain,,56.1,74.33,57.38,81.67
"Natural Gas, Opal, $ per MMBtu-I",2.7,2017-07-27,0.9932517730102834,43.88,76.05,rain,,56.63,78.61,55.32,68.97
"Natural Gas, Opal, $ per MMBtu-I",2.65,2017-07-28,0.9745596399981308,46.7,76.55,,,55.98,70.11,53.71,77.09
"Natural Gas, Opal, $ per MMBtu-I",2.67,2017-07-31,0.9820784724121582,47.44,78.13,,,56.09,73.68,56.8,81.74
"Natural Gas, Opal, $ per MMBtu-I",2.58,2017-08-01,0.9477893989335261,46.25,82.52,,,59.85,78.68,63.53,84.86
"Natural Gas, Opal, $ per MMBtu-I",2.59,2017-08-02,0.9516578757114463,48.9,80.66,,,66.39,84.84,65.2,87.46
"Natural Gas, Opal, $ per MMBtu-I",2.53,2017-08-03,0.9282193027394288,43.26,79.94,,,68.82,78.43,62.89,90.62
"Natural Gas, Opal, $ per MMBtu-I",2.46,2017-08-04,0.9001613499442714,47.59,79.28,,,60.59,72.27,58.65,91.18
"Natural Gas, Opal, $ per MMBtu-I",2.46,2017-08-07,0.9001613499442714,42.88,69.93,rain,,58.43,69.81,59.08,82.96
"Natural Gas, Opal, $ per MMBtu-I",2.48,2017-08-08,0.9082585601768908,45.66,67.98,rain,,58.32,69.03,59.97,85.14
"Natural Gas, Opal, $ per MMBtu-I",2.61,2017-08-09,0.959350221334602,45.55,69.13,rain,,58.62,66.29,59.95,87.43
"Natural Gas, Opal, $ per MMBtu-I",2.65,2017-08-10,0.9745596399981308,46.21,70.32,rain,,57.99,69.12,59.16,86.0
"Natural Gas, Opal, $ per MMBtu-I",2.62,2017-08-11,0.9631743177730056,52.6,75.78,,,57.38,71.26,58.57,80.28
"Natural Gas, Opal, $ per MMBtu-I",2.66,2017-08-14,0.9783261227936078,45.33,67.9,,,57.35,63.43,51.64,70.59
"Natural Gas, Opal, $ per MMBtu-I",2.58,2017-08-15,0.9477893989335261,40.56,65.56,rain,,57.57,65.05,54.11,76.42
"Natural Gas, Opal, $ per MMBtu-I",2.55,2017-08-16,0.9360933591703348,43.7,70.63,,,60.12,71.24,60.19,78.21
"Natural Gas, Opal, $ per MMBtu-I",2.57,2017-08-17,0.9439058989071284,41.42,73.31,,,59.3,73.03,55.29,75.78
"Natural Gas, Opal, $ per MMBtu-I",2.57,2017-08-21,0.9439058989071284,40.49,77.5,,,59.92,70.13,57.75,79.94
"Natural Gas, Opal, $ per MMBtu-I",2.73,2017-08-22,1.0043016091968684,48.53,79.27,,,58.63,74.72,59.04,86.33
"Natural Gas, Opal, $ per MMBtu-I",2.68,2017-08-23,0.9858167945227654,42.8,71,rain,,58.28,70.42,57.3,73.77
"Natural Gas, Opal, $ per MMBtu-I",2.72,2017-08-24,1.000631880307906,43.64,74.43,,,56.4,68.81,51.81,70.07
"Natural Gas, Opal, $ per MMBtu-I",2.68,2017-08-25,0.9858167945227654,43.09,76.24,,,56.56,72.92,52.15,73.82
"Natural Gas, Opal, $ per MMBtu-I",2.82,2017-08-28,1.0367368849500223,44.43,82.78,,,58.18,79.43,63.07,87.41
"Natural Gas, Opal, $ per MMBtu-I",2.74,2017-08-29,1.007957920399979,47.05,81.27,,,55.73,70.29,60.54,86.14
"Natural Gas, Opal, $ per MMBtu-I",2.67,2017-08-30,0.9820784724121582,54.67,77.94,,,57.2,72.86,61.65,74.95
"Natural Gas, Opal, $ per MMBtu-I",2.7,2017-08-31,0.9932517730102834,45.75,68.27,rain,,70.17,94.16,54.29,73.45
"Natural Gas, Opal, $ per MMBtu-I",2.71,2017-09-01,0.9969486348916096,46.13,76.85,,,74.04,102.89,57.74,81.38
"Natural Gas, Opal, $ per MMBtu-I",2.64,2017-09-05,0.9707789171582248,45.16,75.73,,,63.2,79.62,63.66,83.02
"Natural Gas, Opal, $ per MMBtu-I",2.7,2017-09-06,0.9932517730102834,43.45,77.73,,,65.64,74.22,61.47,79.79
"Natural Gas, Opal, $ per MMBtu-I",2.71,2017-09-07,0.9969486348916096,50.78,78.49,,,60.75,70.18,63.91,74.38
"Natural Gas, Opal, $ per MMBtu-I",2.59,2017-09-08,0.9516578757114463,45.12,74.3,,,61.16,71.22,59.17,70.48
"Natural Gas, Opal, $ per MMBtu-I",2.65,2017-09-11,0.9745596399981308,46.23,77.07,,,67.14,88.31,57.01,79.67
"Natural Gas, Opal, $ per MMBtu-I",2.73,2017-09-12,1.0043016091968684,45.66,77.76,,,63.4,80.64,53.63,73.83
"Natural Gas, Opal, $ per MMBtu-I",2.77,2017-09-13,1.0188473201992472,44.64,71.25,,,60.22,68.5,51.63,68.23
"Natural Gas, Opal, $ per MMBtu-I",2.72,2017-09-14,1.000631880307906,44.4,63.07,rain,,56.42,68.69,47.26,72.57
"Natural Gas, Opal, $ per MMBtu-I",2.58,2017-09-15,0.9477893989335261,32.34,47.37,rain,,56.71,71.23,50.44,73.95
"Natural Gas, Opal, $ per MMBtu-I",2.74,2017-09-18,1.007957920399979,35.17,64.77,rain,,56.73,70.64,50.27,60.96
"Natural Gas, Opal, $ per MMBtu-I",2.7,2017-09-19,0.9932517730102834,27.27,39.51,rain,,60.47,73.02,48.2,57.14
"Natural Gas, Opal, $ per MMBtu-I",2.66,2017-09-20,0.9783261227936078,35.83,54.65,rain,,55.33,68.2,50.07,56.99
"Natural Gas, Opal, $ per MMBtu-I",2.61,2017-09-21,0.959350221334602,35.62,55.37,rain,,53.76,66.52,50.34,61.03
"Natural Gas, Opal, $ per MMBtu-I",2.5,2017-09-22,0.9162907318741551,26.71,46.67,rain,,54.37,67.93,54.05,66.68
"Natural Gas, Opal, $ per MMBtu-I",2.56,2017-09-25,0.9400072584914712,22.65,42.96,rain,,59.53,81.77,53.51,64.77
"Natural Gas, Opal, $ per MMBtu-I",2.52,2017-09-26,0.9242589015233319,27.28,49.56,rain,,63.27,87.39,53.35,70.69
"Natural Gas, Opal, $ per MMBtu-I",2.49,2017-09-27,0.9122827104766164,28.95,55.56,,,60.65,86.0,55.2,77.97
"Natural Gas, Opal, $ per MMBtu-I",2.46,2017-09-28,0.9001613499442714,36.89,54.98,,,57.46,83.16,58.83,85.96
"Natural Gas, Opal, $ per MMBtu-I",2.38,2017-09-29,0.8671004876833833,30.44,54.27,rain,,57.76,68.94,53.61,66.36
"Natural Gas, Opal, $ per MMBtu-I",2.44,2017-10-02,0.8919980393051105,22.68,37.31,snow,0.04,51.83,73.63,44.5,60.89
"Natural Gas, Opal, $ per MMBtu-I",2.36,2017-10-03,0.8586616190375187,34.91,44.64,snow,0.089,53.14,70.85,44.66,66.23
"Natural Gas, Opal, $ per MMBtu-I",2.48,2017-10-04,0.9082585601768908,25.73,49.04,rain,,52.79,74.62,43.57,66.39
"Natural Gas, Opal, $ per MMBtu-I",2.59,2017-10-05,0.9516578757114463,28.14,55.06,,,55.72,77.09,46.24,67.82
"Natural Gas, Opal, $ per MMBtu-I",2.53,2017-10-06,0.9282193027394288,31.59,46.84,,,54.34,82.19,49.03,63.67
"Natural Gas, Opal, $ per MMBtu-I",2.48,2017-10-09,0.9082585601768908,19.23,43.51,,,56.64,77.78,46.01,62.52
"Natural Gas, Opal, $ per MMBtu-I",2.5,2017-10-10,0.9162907318741551,23.39,52.66,,,52.33,75.02,44.28,54.51
"Natural Gas, Opal, $ per MMBtu-I",2.58,2017-10-11,0.9477893989335261,29.76,58.01,,,52.11,67.12,46.29,55.21
"Natural Gas, Opal, $ per MMBtu-I",2.59,2017-10-12,0.9516578757114463,16.49,44.43,,,51.45,69.06,43.72,49.12
"Natural Gas, Opal, $ per MMBtu-I",2.6,2017-10-13,0.9555114450274363,22.81,48.44,,,55.99,72.35,37.88,51.69
"Natural Gas, Opal, $ per MMBtu-I",2.61,2017-10-16,0.959350221334602,23.93,59.64,,,58.48,82.01,51.74,61.31
"Natural Gas, Opal, $ per MMBtu-I",2.69,2017-10-17,0.9895411936137477,28.56,62.29,,,49.63,76.02,47.15,55.95
"Natural Gas, Opal, $ per MMBtu-I",2.57,2017-10-18,0.9439058989071284,23.6,60.51,,,53.68,64.93,51.74,61.75
"Natural Gas, Opal, $ per MMBtu-I",2.57,2017-10-19,0.9439058989071284,36.52,63.92,,,52.39,62.1,47.25,53.29
"Natural Gas, Opal, $ per MMBtu-I",2.55,2017-10-20,0.9360933591703348,25.33,54.82,,,49.72,61.78,45.15,51.81
"Natural Gas, Opal, $ per MMBtu-I",2.81,2017-10-23,1.0331844833456545,25.91,49.76,,,68.78,82.63,44.9,64.18
"Natural Gas, Opal, $ per MMBtu-I",2.73,2017-10-24,1.0043016091968684,22.08,58.17,,,61.87,89.28,44.82,62.76
"Natural Gas, Opal, $ per MMBtu-I",2.72,2017-10-25,1.000631880307906,32.42,60.88,,,60.31,85.26,50.27,57.31
"Natural Gas, Opal, $ per MMBtu-I",2.71,2017-10-26,0.9969486348916096,17.44,49.56,,,58.73,84.94,46.08,56.97
"Natural Gas, Opal, $ per MMBtu-I",2.53,2017-10-27,0.9282193027394288,24.77,50.08,,,53.07,82.1,45.0,62.97
"Natural Gas, Opal, $ per MMBtu-I",2.7,2017-10-30,0.9932517730102834,13.71,32.56,,,50.78,60.79,37.38,61.29
"Natural Gas, Opal, $ per MMBtu-I",2.59,2017-10-31,0.9516578757114463,31.93,41.85,,,51.08,64.7,47.23,58.06
"Natural Gas, Opal, $ per MMBtu-I",2.61,2017-11-02,0.959350221334602,40.06,50.01,,,56.55,65.26,35.19,48.59
"Natural Gas, Opal, $ per MMBtu-I",2.62,2017-11-03,0.9631743177730056,33.66,43.31,rain,,55.67,64.1,32.91,37.11
"Natural Gas, Opal, $ per MMBtu-I",2.98,2017-11-06,1.091923300517313,13.72,29.97,snow,0.052,47.53,61.46,35.8,45.83
"Natural Gas, Opal, $ per MMBtu-I",2.92,2017-11-07,1.0715836162801904,5.88,29.37,snow,0.224,51.23,64.16,43.49,46.84
"Natural Gas, Opal, $ per MMBtu-I",2.96,2017-11-08,1.085189268335969,18.99,32.81,snow,0.023,58.4,62.7,44.45,53.57
"Natural Gas, Opal, $ per MMBtu-I",2.99,2017-11-09,1.095273387402595,24.53,45.27,,,56.09,64.99,41.53,47.69
"Natural Gas, Opal, $ per MMBtu-I",2.83,2017-11-10,1.0402767116551463,21.21,38.81,,,52.47,62.17,39.74,50.41
"Natural Gas, Opal, $ per MMBtu-I",2.88,2017-11-13,1.0577902941478545,32.62,50.32,,,51.28,65.37,44.99,51.5
"Natural Gas, Opal, $ per MMBtu-I",2.83,2017-11-14,1.0402767116551463,18.83,37.89,snow,0,52.74,63.34,45.56,53.26
"Natural Gas, Opal, $ per MMBtu-I",2.84,2017-11-15,1.0438040521731147,31.68,44.43,,,55.02,61.54,42.75,47.27
"Natural Gas, Opal, $ per MMBtu-I",2.81,2017-11-16,1.0331844833456545,30.2,43.58,rain,,49.44,56.35,42.12,44.52
"Natural Gas, Opal, $ per MMBtu-I",2.76,2017-11-17,1.0152306797290584,9.66,31.13,snow,1.105,44.18,60.29,44.08,48.72
"Natural Gas, Opal, $ per MMBtu-I",2.78,2017-11-20,1.0224509277025455,31.85,33.65,snow,0.013,54.57,63.93,38.5,48.75
"Natural Gas, Opal, $ per MMBtu-I",2.72,2017-11-21,1.000631880307906,35.19,41.17,rain,,55.64,67.57,55.52,55.5
"Natural Gas, Opal, $ per MMBtu-I",2.48,2017-11-22,0.9082585601768908,30.41,49,,,56.7,68.18,54.47,64.38
"Natural Gas, Opal, $ per MMBtu-I",2.61,2017-11-27,0.959350221334602,17.88,43.16,rain,,45.45,58.8,43.66,48.6
"Natural Gas, Opal, $ per MMBtu-I",2.62,2017-11-28,0.9631743177730056,16.57,38.2,,,47.43,60.14,42.15,44.25
"Natural Gas, Opal, $ per MMBtu-I",2.74,2017-11-29,1.007957920399979,13.57,35.72,,,47.96,62.61,42.26,49.54
"Natural Gas, Opal, $ per MMBtu-I",2.64,2017-11-30,0.9707789171582248,27.92,39.43,,,46.23,63.13,42.47,45.46
"Natural Gas, Opal, $ per MMBtu-I",2.51,2017-12-01,0.9202827531436925,17.53,36.25,,,46.57,60.25,42.22,47.45
"Natural Gas, Opal, $ per MMBtu-I",2.69,2017-12-04,0.9895411936137477,6.46,21.83,,,50.37,62.2,32.09,41.18
"Natural Gas, Opal, $ per MMBtu-I",2.72,2017-12-05,1.000631880307906,2.93,23.74,,,45.93,64.43,35.81,43.09
"Natural Gas, Opal, $ per MMBtu-I",2.78,2017-12-06,1.0224509277025455,6.3,24.31,,,51.04,62.36,35.17,49.96
"Natural Gas, Opal, $ per MMBtu-I",2.56,2017-12-07,0.9400072584914712,11.7,27.65,,,46.87,64.39,31.63,50.01
"Natural Gas, Opal, $ per MMBtu-I",2.46,2017-12-08,0.9001613499442714,7.61,36.04,snow,0.046,46.01,63.56,31.39,43.14
"Natural Gas, Opal, $ per MMBtu-I",2.54,2017-12-11,0.9321640810304452,15.18,43.36,,,45.57,65.04,33.87,47.67
"Natural Gas, Opal, $ per MMBtu-I",2.62,2017-12-12,0.9631743177730056,20.21,47.51,,,43.92,63.25,35.79,44.99
"Natural Gas, Opal, $ per MMBtu-I",2.56,2017-12-13,0.9400072584914712,13.27,34.29,,,44.85,60.16,37.56,47.35
"Natural Gas, Opal, $ per MMBtu-I",2.57,2017-12-14,0.9439058989071284,13.21,31.5,,,46.94,65.37,38.07,48.39
"Natural Gas, Opal, $ per MMBtu-I",2.54,2017-12-15,0.9321640810304452,24.05,35.96,,,50.62,58.98,37.81,43.58
"Natural Gas, Opal, $ per MMBtu-I",2.66,2017-12-18,0.9783261227936078,13.84,30.09,,,44.09,59.97,40.61,47.41
"Natural Gas, Opal, $ per MMBtu-I",2.59,2017-12-19,0.9516578757114463,26.78,38.11,,,45.91,58.02,37.84,48.64
"Natural Gas, Opal, $ per MMBtu-I",2.65,2017-12-20,0.9745596399981308,14.06,37.99,,,42.96,54.28,29.32,42.47
"Natural Gas, Opal, $ per MMBtu-I",2.48,2017-12-21,0.9082585601768908,3.35,23.68,,,39.35,56.75,37.53,38.31
"Natural Gas, Opal, $ per MMBtu-I",2.47,2017-12-22,0.9042181506398859,20.21,24.46,,,43.3,53.36,29.63,39.39
"Natural Gas, Opal, $ per MMBtu-I",2.53,2017-12-26,0.9282193027394288,9.22,26.26,,,43.68,59.09,33.17,37.51
"Natural Gas, Opal, $ per MMBtu-I",2.61,2017-12-27,0.959350221334602,23.35,32.02,,,44.55,59.23,37.94,38.64
"Natural Gas, Opal, $ per MMBtu-I",2.87,2017-12-28,1.0543120297715298,26.36,36.26,snow,0,46.42,60.94,43.64,47.17
"Natural Gas, Opal, $ per MMBtu-I",3.33,2017-12-29,1.2029723039923526,24.81,43.4,rain,,44.89,60.08,42.76,52.75
"Natural Gas, Opal, $ per MMBtu-I",4.99,2018-01-02,1.6074359097634274,3.86,30.67,,,51.98,59.63,33.32,41.97
"Natural Gas, Opal, $ per MMBtu-I",5.47,2018-01-03,1.6992786164338898,7.23,36.03,,,52.9,55.74,36.59,46.72
"Natural Gas, Opal, $ per MMBtu-I",3.27,2018-01-04,1.184789984909162,16.9,38.62,,,57.6,61.47,44.47,46.2
"Natural Gas, Opal, $ per MMBtu-I",2.46,2018-01-05,0.9001613499442714,18.3,41.64,,,49.59,60.16,44.05,49.95
"Natural Gas, Opal, $ per MMBtu-I",2.47,2018-01-08,0.9042181506398859,28.19,38.15,,,54.44,56.64,45.02,48.08
"Natural Gas, Opal, $ per MMBtu-I",2.46,2018-01-09,0.9001613499442714,32.66,36.03,snow,0.117,48.7,57.12,40.8,45.54
"Natural Gas, Opal, $ per MMBtu-I",2.58,2018-01-10,0.9477893989335261,13.46,33.13,snow,0.268,50.92,55.63,41.34,44.77
"Natural Gas, Opal, $ per MMBtu-I",2.78,2018-01-11,1.0224509277025455,28.9,29.31,,,49.64,59.27,48.0,48.93
"Natural Gas, Opal, $ per MMBtu-I",2.94,2018-01-12,1.0784095813505903,23.75,33.52,snow,0.014,48.04,57.12,47.63,50.6
"Natural Gas, Opal, $ per MMBtu-I",3.7,2018-01-16,1.308332819650179,16.53,30.92,,,52.12,58.03,43.63,53.65
"Natural Gas, Opal, $ per MMBtu-I",2.93,2018-01-17,1.075002423028976,18.17,37.25,,,51.54,58.19,42.4,53.56
"Natural Gas, Opal, $ per MMBtu-I",2.76,2018-01-18,1.0152306797290584,26.14,40.99,snow,0,46.56,57.97,38.99,48.85
"Natural Gas, Opal, $ per MMBtu-I",2.72,2018-01-19,1.000631880307906,18.95,39.19,snow,0.045,42.51,54.27,40.36,45.88
"Natural Gas, Opal, $ per MMBtu-I",2.78,2018-01-22,1.0224509277025455,9.7,19.81,,,44.34,56.81,40.44,46.47
"Natural Gas, Opal, $ per MMBtu-I",2.79,2018-01-23,1.0260415958332743,4.18,26.78,snow,0.091,45.63,57.6,43.32,43.16
"Natural Gas, Opal, $ per MMBtu-I",2.96,2018-01-24,1.085189268335969,9.58,30.39,,,44.36,57.32,38.09,46.12
"Natural Gas, Opal, $ per MMBtu-I",2.94,2018-01-25,1.0784095813505903,11.73,29.37,,,42.71,54.54,38.88,42.67
"Natural Gas, Opal, $ per MMBtu-I",2.81,2018-01-26,1.0331844833456545,12.59,24.14,,,43.12,54.31,39.95,41.98
"Natural Gas, Opal, $ per MMBtu-I",2.66,2018-01-29,0.9783261227936078,28.07,41.52,,,47.23,60.77,42.14,49.7
"Natural Gas, Opal, $ per MMBtu-I",2.59,2018-01-30,0.9516578757114463,30.24,42.28,,,47.4,65.78,39.58,47.34
"Natural Gas, Opal, $ per MMBtu-I",2.43,2018-01-31,0.8878912573524571,22.73,31.02,,,51.22,65.98,43.24,45.0
"Natural Gas, Opal, $ per MMBtu-I",2.25,2018-02-01,0.8109302162163288,27.34,33.45,,,52.39,70.49,44.05,45.62
"Natural Gas, Opal, $ per MMBtu-I",1.91,2018-02-02,0.6471032420585384,32.64,35.99,rain,,55.79,71.63,48.45,53.06
"Natural Gas, Opal, $ per MMBtu-I",1.98,2018-02-05,0.6830968447064438,21.83,35.29,snow,0.26,54.9,73.53,44.38,49.92
"Natural Gas, Opal, $ per MMBtu-I",2.09,2018-02-06,0.7371640659767196,24.9,32.9,snow,0.037,54.2,74.77,46.82,48.02
"Natural Gas, Opal, $ per MMBtu-I",2.07,2018-02-07,0.7275486072772777,27.87,33.88,,,50.89,70.56,49.7,52.59
"Natural Gas, Opal, $ per MMBtu-I",2.21,2018-02-08,0.7929925155296614,35.48,42.8,,,52.18,73.77,40.68,51.97
"Natural Gas, Opal, $ per MMBtu-I",2.3,2018-02-09,0.8329091229351039,16.71,39.17,,,51.09,74.95,32.75,46.99
"Natural Gas, Opal, $ per MMBtu-I",2.34,2018-02-12,0.85015092936961,11.77,32.3,,,46.6,58.37,28.97,44.55
"Natural Gas, Opal, $ per MMBtu-I",2.33,2018-02-13,0.8458682675776092,14,34.42,snow,0,44.18,62.88,37.29,46.57
"Natural Gas, Opal, $ per MMBtu-I",2.28,2018-02-14,0.8241754429663494,19.15,33.21,,,44.05,59.95,36.83,41.79
"Natural Gas, Opal, $ per MMBtu-I",2.3,2018-02-15,0.8329091229351039,6.73,24.51,,,43.56,63.26,40.89,44.15
"Natural Gas, Opal, $ per MMBtu-I",2.38,2018-02-16,0.8671004876833833,20.2,25.2,,,45.91,64.88,43.81,46.46
"Natural Gas, Opal, $ per MMBtu-I",3.12,2018-02-20,1.1378330018213911,-15.34,10.42,snow,0.328,40.83,50.94,25.31,35.9
"Natural Gas, Opal, $ per MMBtu-I",3.01,2018-02-21,1.1019400787607843,-10.79,11.51,snow,0.524,43.56,54.6,27.4,34.75
"Natural Gas, Opal, $ per MMBtu-I",2.77,2018-02-22,1.0188473201992472,3.54,14.78,,,37.93,52.2,25.1,37.45
"Natural Gas, Opal, $ per MMBtu-I",2.33,2018-02-23,0.8458682675776092,-3.18,19.26,snow,0.419,38.64,53.27,34.61,37.13
"Natural Gas, Opal, $ per MMBtu-I",2.39,2018-02-26,0.8712933659434193,16.08,28.39,,,42.06,52.89,36.26,44.63
"Natural Gas, Opal, $ per MMBtu-I",2.22,2018-02-27,0.7975071958841882,5.35,30.46,snow,0.405,42.52,55.97,39.34,45.64
"Natural Gas, Opal, $ per MMBtu-I",2.26,2018-02-28,0.8153648132841944,3.16,24.15,snow,0.052,50.45,53.55,37.6,44.8
"Natural Gas, Opal, $ per MMBtu-I",2.26,2018-03-01,0.8153648132841944,14.92,30.85,,,41.71,55.73,38.07,49.52
"Natural Gas, Opal, $ per MMBtu-I",2.34,2018-03-02,0.85015092936961,18.57,36.46,snow,0,41.19,51.76,34.02,44.99
"Natural Gas, Opal, $ per MMBtu-I",2.36,2018-03-05,0.8586616190375187,14.11,22.74,,,45.75,60.41,34.96,46.65
"Natural Gas, Opal, $ per MMBtu-I",2.42,2018-03-06,0.883767540168595,-0.63,28.9,snow,0.016,50.94,65.07,34.28,51.47
"Natural Gas, Opal, $ per MMBtu-I",2.38,2018-03-07,0.8671004876833833,10.81,37.48,,,53.43,66.93,40.28,47.73
"Natural Gas, Opal, $ per MMBtu-I",2.18,2018-03-08,0.7793248768009977,25.69,41.59,,,48.38,63.91,39.53,49.75
"Natural Gas, Opal, $ per MMBtu-I",2.1,2018-03-09,0.7419373447293773,24.25,40.25,,,51.41,62.99,32.7,50.15
"Natural Gas, Opal, $ per MMBtu-I",2.33,2018-03-12,0.8458682675776092,21.84,45.79,,,57.25,67.87,58.07,71.19
"Natural Gas, Opal, $ per MMBtu-I",2.3,2018-03-13,0.8329091229351039,26.76,49.44,,,48.89,58.28,44.12,60.87
"Natural Gas, Opal, $ per MMBtu-I",2.18,2018-03-14,0.7793248768009977,27.06,49.49,rain,,43.18,55.47,34.02,52.58
"Natural Gas, Opal, $ per MMBtu-I",2.17,2018-03-15,0.7747271675523681,23.45,34.85,snow,0.15,46.99,54.29,36.73,55.41
"Natural Gas, Opal, $ per MMBtu-I",2.1,2018-03-16,0.7419373447293773,26.78,37.5,snow,0.126,44.28,53.61,37.7,55.84
"Natural Gas, Opal, $ per MMBtu-I",2.09,2018-03-19,0.7371640659767196,18.43,33.12,snow,0.076,52.91,62.43,36.28,52.92
"Natural Gas, Opal, $ per MMBtu-I",2.08,2018-03-20,0.7323678937132266,25.41,36.32,snow,0.009,53.55,54.06,35.37,54.1
"Natural Gas, Opal, $ per MMBtu-I",2.02,2018-03-21,0.7030975114131134,28.51,41.55,snow,0.055,57.29,63.06,43.51,58.47
"Natural Gas, Opal, $ per MMBtu-I",2.07,2018-03-22,0.7275486072772777,31.57,46.39,rain,,43.21,57.73,38.83,44.53
"Natural Gas, Opal, $ per MMBtu-I",2.01,2018-03-23,0.6981347220709843,20.96,40.63,snow,0.314,46.67,57.15,36.31,46.07
"Natural Gas, Opal, $ per MMBtu-I",1.93,2018-03-26,0.6575200029167941,13.25,,,,51.32,63.26,45.63,45.99
"Natural Gas, Opal, $ per MMBtu-I",1.96,2018-03-27,0.6729444732424258,31.2,37.62,,,51.92,70.86,43.38,52.25
"Natural Gas, Opal, $ per MMBtu-I",1.98,2018-03-28,0.6830968447064438,19.89,38.24,snow,0,54.25,75.43,43.93,51.22
"Natural Gas, Opal, $ per MMBtu-I",1.91,2018-03-29,0.6471032420585384,23.21,39.39,,,55.37,79.73,46.18,54.64
"Natural Gas, Opal, $ per MMBtu-I",1.95,2018-04-02,0.6678293725756554,4.98,40.98,rain,,48.89,66.51,39.82,51.95
"Natural Gas, Opal, $ per MMBtu-I",2.02,2018-04-03,0.7030975114131134,22.12,34.7,,,51.0,65.98,40.74,49.82
"Natural Gas, Opal, $ per MMBtu-I",2.17,2018-04-04,0.7747271675523681,27.64,39.76,rain,,52.13,63.28,45.81,47.35
"Natural Gas, Opal, $ per MMBtu-I",2.18,2018-04-05,0.7793248768009977,35.08,46.92,,,55.67,60.3,50.27,54.45
"Natural Gas, Opal, $ per MMBtu-I",2.0,2018-04-06,0.6931471805599453,35.08,43.4,rain,,57.14,60.7,51.87,65.67
"Natural Gas, Opal, $ per MMBtu-I",2.06,2018-04-09,0.7227059828014898,22.46,44.61,rain,,54.67,73.95,49.01,61.84
"Natural Gas, Opal, $ per MMBtu-I",2.07,2018-04-10,0.7275486072772777,35.63,54.06,,,49.12,62.58,46.44,59.56
"Natural Gas, Opal, $ per MMBtu-I",2.08,2018-04-11,0.7323678937132266,36.45,51.65,rain,,46.01,59.44,40.5,53.9
"Natural Gas, Opal, $ per MMBtu-I",2.14,2018-04-12,0.7608058290337602,20.43,37.38,rain,,46.05,57.96,42.38,50.69
"Natural Gas, Opal, $ per MMBtu-I",2.19,2018-04-13,0.7839015438284094,19.03,32.26,snow,0.022,50.79,66.46,46.86,51.41
"Natural Gas, Opal, $ per MMBtu-I",2.32,2018-04-16,0.8415671856782185,24.27,58,,,43.18,53.82,42.31,46.69
"Natural Gas, Opal, $ per MMBtu-I",2.18,2018-04-17,0.7793248768009977,11.69,32.29,,,47.67,61.1,41.41,53.09
"Natural Gas, Opal, $ per MMBtu-I",2.01,2018-04-18,0.6981347220709843,31.07,46.19,,,45.11,58.45,40.32,56.92
"Natural Gas, Opal, $ per MMBtu-I",1.9,2018-04-19,0.6418538861723947,36.3,53.53,,,49.43,63.81,42.56,60.82
"Natural Gas, Opal, $ per MMBtu-I",1.8,2018-04-20,0.5877866649021191,25.68,54.83,rain,,50.0,68.29,45.35,61.31
"Natural Gas, Opal, $ per MMBtu-I",1.92,2018-04-23,0.6523251860396901,26.84,48.38,rain,,52.44,73.29,47.87,66.86
"Natural Gas, Opal, $ per MMBtu-I",2.05,2018-04-24,0.7178397931503168,21.74,48.26,,,49.96,64.16,50.44,74.71
"Natural Gas, Opal, $ per MMBtu-I",2.01,2018-04-25,0.6981347220709843,27.57,57.97,,,50.7,64.31,50.14,73.44
"Natural Gas, Opal, $ per MMBtu-I",1.93,2018-04-26,0.6575200029167941,30.43,62.33,,,52.34,62.28,49.61,79.86
"Natural Gas, Opal, $ per MMBtu-I",1.76,2018-04-27,0.5653138090500605,40.67,67.87,,,52.31,63.58,47.74,58.8
"Natural Gas, Opal, $ per MMBtu-I",1.83,2018-04-30,0.6043159668533296,23.93,37.55,rain,,48.82,62.09,48.58,56.61
"Natural Gas, Opal, $ per MMBtu-I",1.8,2018-05-01,0.5877866649021191,31.2,47.55,,,50.85,65.8,44.08,61.15
"Natural Gas, Opal, $ per MMBtu-I",1.83,2018-05-02,0.6043159668533296,28.29,43.76,rain,,51.08,63.33,48.3,68.21
"Natural Gas, Opal, $ per MMBtu-I",1.75,2018-05-03,0.5596157879354227,27.05,54.28,,,50.49,63.6,50.95,75.37
"Natural Gas, Opal, $ per MMBtu-I",1.76,2018-05-04,0.5653138090500605,32.74,60.55,,,52.26,73.23,47.84,62.65
"Natural Gas, Opal, $ per MMBtu-I",1.98,2018-05-07,0.6830968447064438,30.89,65.58,,,52.69,72.7,50.21,68.42
"Natural Gas, Opal, $ per MMBtu-I",1.96,2018-05-08,0.6729444732424258,36.52,66.55,,,55.79,68.07,55.75,76.47
"Natural Gas, Opal, $ per MMBtu-I",1.75,2018-05-09,0.5596157879354227,45.71,70.18,,,53.01,67.09,50.58,65.19
"Natural Gas, Opal, $ per MMBtu-I",1.7,2018-05-10,0.5306282510621704,38.01,56.61,rain,,51.51,68.94,50.31,58.74
"Natural Gas, Opal, $ per MMBtu-I",1.65,2018-05-11,0.5007752879124892,37.08,43.57,rain,,62.28,74.91,48.1,65.13
"Natural Gas, Opal, $ per MMBtu-I",1.76,2018-05-14,0.5653138090500605,35.79,58.18,,,53.93,61.08,54.37,84.23
"Natural Gas, Opal, $ per MMBtu-I",1.79,2018-05-15,0.5822156198526637,34.47,61.35,rain,,53.04,63.07,54.6,70.37
"Natural Gas, Opal, $ per MMBtu-I",1.81,2018-05-16,0.5933268452777344,38.61,65.06,,,53.01,63.4,53.75,67.46
"Natural Gas, Opal, $ per MMBtu-I",1.77,2018-05-17,0.5709795465857378,36.88,59.58,rain,,53.43,65.6,53.36,64.64
"Natural Gas, Opal, $ per MMBtu-I",1.71,2018-05-18,0.5364933705145685,38.9,56.82,rain,,52.39,62.6,54.05,63.66
"Natural Gas, Opal, $ per MMBtu-I",1.81,2018-05-21,0.5933268452777344,39.79,64.43,rain,,52.8,63.36,51.43,68.44
"Natural Gas, Opal, $ per MMBtu-I",1.79,2018-05-22,0.5822156198526637,36.58,55.48,rain,,53.89,58.31,54.16,75.61
"Natural Gas, Opal, $ per MMBtu-I",1.89,2018-05-23,0.636576829071551,37.28,57.39,rain,,53.3,58.76,55.54,78.73
"Natural Gas, Opal, $ per MMBtu-I",1.93,2018-05-24,0.6575200029167941,39.01,66.19,,,54.22,59.81,52.42,69.81
"Natural Gas, Opal, $ per MMBtu-I",1.93,2018-05-25,0.6575200029167941,39.65,73.18,,,54.2,60.85,51.85,64.41
"Natural Gas, Opal, $ per MMBtu-I",2.04,2018-05-29,0.712949807856125,37.45,60.41,,,52.54,73.98,48.16,62.5
"Natural Gas, Opal, $ per MMBtu-I",2.04,2018-05-30,0.712949807856125,45.37,68.22,rain,,52.26,60.8,49.55,64.47
"Natural Gas, Opal, $ per MMBtu-I",2.22,2018-05-31,0.7975071958841882,40.77,68.94,rain,,51.53,61.67,49.68,62.66
"Natural Gas, Opal, $ per MMBtu-I",2.31,2018-06-01,0.8372475245337022,28.9,52.07,rain,,58.88,72.57,53.41,65.24
"Natural Gas, Opal, $ per MMBtu-I",2.46,2018-06-04,0.9001613499442714,41.62,76.97,,,52.27,68.66,49.24,65.25
"Natural Gas, Opal, $ per MMBtu-I",2.38,2018-06-05,0.8671004876833833,41.39,74.73,,,52.39,65.92,50.75,68.35
"Natural Gas, Opal, $ per MMBtu-I",2.31,2018-06-06,0.8372475245337022,45.31,76.04,,,53.7,62.87,54.98,73.63
"Natural Gas, Opal, $ per MMBtu-I",2.44,2018-06-07,0.8919980393051105,41.37,74.49,,,54.33,65.66,57.44,66.19
"Natural Gas, Opal, $ per MMBtu-I",2.19,2018-06-08,0.7839015438284094,41.2,73.97,,,56.84,69.21,50.24,62.33
"Natural Gas, Opal, $ per MMBtu-I",2.55,2018-06-11,0.9360933591703348,33.11,61.82,,,59.28,73.78,47.38,66.93
"Natural Gas, Opal, $ per MMBtu-I",2.47,2018-06-12,0.9042181506398859,37.26,68.87,,,55.69,78.67,53.41,66.02
"Natural Gas, Opal, $ per MMBtu-I",2.4,2018-06-13,0.8754687373538999,42.08,78.05,,,54.12,76.54,53.45,63.62
"Natural Gas, Opal, $ per MMBtu-I",2.33,2018-06-14,0.8458682675776092,43.4,75.66,,,54.7,68.77,51.48,65.2
"Natural Gas, Opal, $ per MMBtu-I",2.08,2018-06-15,0.7323678937132266,42.64,71.22,,,54.73,61.74,54.07,70.3
"Natural Gas, Opal, $ per MMBtu-I",2.3,2018-06-18,0.8329091229351039,41.56,58.98,rain,,54.18,67.9,58.6,86.44
"Natural Gas, Opal, $ per MMBtu-I",2.3,2018-06-19,0.8329091229351039,38.77,59.65,rain,,53.25,67.25,62.47,84.28
"Natural Gas, Opal, $ per MMBtu-I",2.41,2018-06-20,0.8796267475025636,41.83,66.24,,,52.81,65.79,59.98,83.74
"Natural Gas, Opal, $ per MMBtu-I",2.26,2018-06-21,0.8153648132841944,44.64,73.87,,,56.14,72.58,58.08,68.73
"Natural Gas, Opal, $ per MMBtu-I",1.98,2018-06-22,0.6830968447064438,40.59,67,,,62.33,83.91,56.41,68.28
"Natural Gas, Opal, $ per MMBtu-I",1.88,2018-06-25,0.6312717768418578,43.33,74.55,,,54.12,67.33,55.0,67.49
"Natural Gas, Opal, $ per MMBtu-I",1.91,2018-06-26,0.6471032420585384,44.5,76.81,,,54.85,69.36,52.34,70.86
"Natural Gas, Opal, $ per MMBtu-I",1.9,2018-06-27,0.6418538861723947,41.37,81.1,,,54.52,63.1,54.51,67.77
"Natural Gas, Opal, $ per MMBtu-I",2.22,2018-06-28,0.7975071958841882,45.02,78.5,,,55.71,69.03,56.82,66.2
"Natural Gas, Opal, $ per MMBtu-I",2.26,2018-06-29,0.8153648132841944,39.02,62.44,,,61.0,76.39,58.06,69.68
"Natural Gas, Opal, $ per MMBtu-I",2.38,2018-07-02,0.8671004876833833,44.87,75.68,,,55.91,65.41,50.18,67.68
"Natural Gas, Opal, $ per MMBtu-I",2.34,2018-07-03,0.85015092936961,39.97,65.38,,,56.25,68.62,56.03,73.44
"Natural Gas, Opal, $ per MMBtu-I",2.61,2018-07-05,0.959350221334602,52.25,80.91,,,63.75,76.68,61.57,83.77
"Natural Gas, Opal, $ per MMBtu-I",2.42,2018-07-06,0.883767540168595,48.24,85.31,,,63.17,83.62,59.86,76.19
"Natural Gas, Opal, $ per MMBtu-I",2.45,2018-07-09,0.8960880245566357,52.13,82.32,rain,,62.36,82.42,58.27,71.49
"Natural Gas, Opal, $ per MMBtu-I",2.4,2018-07-10,0.8754687373538999,55.25,82.81,,,56.57,79.26,56.56,74.19
"Natural Gas, Opal, $ per MMBtu-I",2.5,2018-07-11,0.9162907318741551,47.6,77.85,rain,,57.64,74.14,57.78,78.75
"Natural Gas, Opal, $ per MMBtu-I",2.54,2018-07-12,0.9321640810304452,44.97,78.65,,,61.49,72.47,59.3,85.13
"Natural Gas, Opal, $ per MMBtu-I",2.53,2018-07-13,0.9282193027394288,48.42,82.32,,,58.46,74.89,59.03,84.15
"Natural Gas, Opal, $ per MMBtu-I",2.52,2018-07-16,0.9242589015233319,50.36,79.77,rain,,56.28,71.79,60.5,89.37
"Natural Gas, Opal, $ per MMBtu-I",2.57,2018-07-17,0.9439058989071284,45.05,77.96,rain,,56.88,72.71,61.11,84.48
"Natural Gas, Opal, $ per MMBtu-I",2.53,2018-07-18,0.9282193027394288,45.38,80.47,,,57.31,72.36,57.11,76.25
"Natural Gas, Opal, $ per MMBtu-I",2.47,2018-07-19,0.9042181506398859,49.08,81.62,,,58.74,72.8,57.0,67.61
"Natural Gas, Opal, $ per MMBtu-I",2.47,2018-07-20,0.9042181506398859,51.37,82.37,,,60.34,74.15,53.21,72.96
"Natural Gas, Opal, $ per MMBtu-I",2.58,2018-07-23,0.9477893989335261,44.65,77.75,rain,,58.05,72.98,59.13,88.13
"Natural Gas, Opal, $ per MMBtu-I",2.5,2018-07-24,0.9162907318741551,49.94,82.64,,,57.76,73.76,59.83,87.46
"Natural Gas, Opal, $ per MMBtu-I",2.52,2018-07-25,0.9242589015233319,40.92,78.82,rain,,56.19,75.1,62.22,88.79
"Natural Gas, Opal, $ per MMBtu-I",2.49,2018-07-26,0.9122827104766164,42.54,80.41,rain,,55.15,69.83,59.76,90.35
"Natural Gas, Opal, $ per MMBtu-I",2.48,2018-07-27,0.9082585601768908,48.19,79.2,rain,,53.97,67.04,60.19,86.16
"Natural Gas, Opal, $ per MMBtu-I",2.53,2018-07-30,0.9282193027394288,42.61,80.07,,,54.19,69.75,61.08,87.81
"Natural Gas, Opal, $ per MMBtu-I",2.46,2018-07-31,0.9001613499442714,52.75,82.81,,,54.38,68.16,60.41,78.54
"Natural Gas, Opal, $ per MMBtu-I",2.58,2018-08-01,0.9477893989335261,49.02,81.34,rain,,54.3,69.57,58.94,74.46
"Natural Gas, Opal, $ per MMBtu-I",2.56,2018-08-02,0.9400072584914712,50.91,77.05,rain,,54.67,69.9,58.62,67.43
"Natural Gas, Opal, $ per MMBtu-I",2.6,2018-08-03,0.9555114450274363,40.86,78.1,,,62.29,79.21,56.88,72.68
"Natural Gas, Opal, $ per MMBtu-I",2.69,2018-08-06,0.9895411936137477,38.34,75.68,,,54.76,78.38,61.16,84.18
"Natural Gas, Opal, $ per MMBtu-I",2.7,2018-08-07,0.9932517730102834,41,78.19,,,54.79,67.92,61.26,87.32
"Natural Gas, Opal, $ per MMBtu-I",2.74,2018-08-08,1.007957920399979,46.45,81.39,,,55.22,73.14,63.27,91.38
"Natural Gas, Opal, $ per MMBtu-I",2.68,2018-08-09,0.9858167945227654,55.44,85.29,,,57.12,84.8,62.95,89.64
"Natural Gas, Opal, $ per MMBtu-I",2.54,2018-08-10,0.9321640810304452,46.83,86.19,,,62.5,76.82,63.44,81.49
"Natural Gas, Opal, $ per MMBtu-I",2.56,2018-08-13,0.9400072584914712,50.72,80.51,,,56.85,66.95,60.65,75.52
"Natural Gas, Opal, $ per MMBtu-I",2.74,2018-08-14,1.007957920399979,38.25,79.53,,,59.52,66.27,60.57,82.92
"Natural Gas, Opal, $ per MMBtu-I",2.72,2018-08-15,1.000631880307906,43.39,80.46,,,58.5,70.02,58.55,83.88
"Natural Gas, Opal, $ per MMBtu-I",2.71,2018-08-16,0.9969486348916096,45.11,79.23,,,57.03,72.26,55.88,72.44
"Natural Gas, Opal, $ per MMBtu-I",2.61,2018-08-17,0.959350221334602,44.26,81.1,,,56.96,77.74,54.09,73.68
"Natural Gas, Opal, $ per MMBtu-I",2.7,2018-08-20,0.9932517730102834,47.64,72.96,rain,,55.83,65.21,63.32,79.37
"Natural Gas, Opal, $ per MMBtu-I",2.63,2018-08-21,0.9669838461896731,48.03,69.75,,,60.33,64.27,61.06,87.19
"Natural Gas, Opal, $ per MMBtu-I",2.51,2018-08-22,0.9202827531436925,38.63,63.39,rain,,59.66,68.16,58.15,88.02
"Natural Gas, Opal, $ per MMBtu-I",2.34,2018-08-23,0.85015092936961,37.72,70.54,rain,,57.57,68.1,57.45,71.83
"Natural Gas, Opal, $ per MMBtu-I",2.3,2018-08-24,0.8329091229351039,40.03,74.77,,,56.59,68.39,53.12,68.78
"Natural Gas, Opal, $ per MMBtu-I",2.31,2018-08-27,0.8372475245337022,33.53,56.87,rain,,57.82,67.76,54.05,74.63
"Natural Gas, Opal, $ per MMBtu-I",2.34,2018-08-28,0.85015092936961,30.46,65.63,,,58.42,67.1,56.46,80.7
"Natural Gas, Opal, $ per MMBtu-I",2.31,2018-08-29,0.8372475245337022,40.71,72.76,rain,,62.13,70.53,60.9,74.14
"Natural Gas, Opal, $ per MMBtu-I",2.31,2018-08-30,0.8372475245337022,41.53,76.57,,,56.95,69.2,58.63,72.23
"Natural Gas, Opal, $ per MMBtu-I",2.3,2018-08-31,0.8329091229351039,35.19,72.35,,,56.13,71.45,58.36,68.25
"Natural Gas, Opal, $ per MMBtu-I",2.3,2018-09-04,0.8329091229351039,40.43,74.97,rain,,57.01,71.84,54.86,73.73
"Natural Gas, Opal, $ per MMBtu-I",2.35,2018-09-05,0.8544153281560676,39.18,75.99,rain,,55.63,63.86,55.59,78.56
"Natural Gas, Opal, $ per MMBtu-I",2.46,2018-09-06,0.9001613499442714,46.11,73.99,rain,,55.63,68.54,56.17,83.78
"Natural Gas, Opal, $ per MMBtu-I",2.38,2018-09-07,0.8671004876833833,41.92,75.8,rain,,57.63,76.36,58.46,73.36
"Natural Gas, Opal, $ per MMBtu-I",2.33,2018-09-10,0.8458682675776092,36.35,76.76,,,57.13,77.11,57.41,66.98
"Natural Gas, Opal, $ per MMBtu-I",2.31,2018-09-11,0.8372475245337022,35.16,74.06,,,56.63,72.58,55.82,65.13
"Natural Gas, Opal, $ per MMBtu-I",2.27,2018-09-12,0.8197798314933114,33.63,71.38,rain,,57.14,66.87,55.58,65.86
"Natural Gas, Opal, $ per MMBtu-I",2.23,2018-09-13,0.8020015854720274,31.67,68.02,,,54.45,68.51,55.65,66.83
"Natural Gas, Opal, $ per MMBtu-I",2.12,2018-09-14,0.7514160886839212,34.83,73.84,rain,,55.21,71.56,52.9,65.98
"Natural Gas, Opal, $ per MMBtu-I",2.34,2018-09-17,0.85015092936961,38.8,73.96,rain,,55.62,66.52,46.53,63.81
"Natural Gas, Opal, $ per MMBtu-I",2.45,2018-09-18,0.8960880245566357,33.78,73.8,rain,,53.45,66.74,47.52,65.18
"Natural Gas, Opal, $ per MMBtu-I",2.26,2018-09-19,0.8153648132841944,37.53,72.94,rain,,59.02,75.92,54.64,67.26
"Natural Gas, Opal, $ per MMBtu-I",2.19,2018-09-20,0.7839015438284094,26.06,60.27,,,60.8,85.5,59.29,64.62
"Natural Gas, Opal, $ per MMBtu-I",2.34,2018-09-21,0.85015092936961,32.27,69.02,rain,,54.49,72.64,58.75,70.39
"Natural Gas, Opal, $ per MMBtu-I",2.48,2018-09-24,0.9082585601768908,21.36,57.63,,,54.4,76.8,47.91,64.88
"Natural Gas, Opal, $ per MMBtu-I",2.47,2018-09-25,0.9042181506398859,22.69,59.97,,,53.79,73.96,50.17,66.38
"Natural Gas, Opal, $ per MMBtu-I",2.36,2018-09-26,0.8586616190375187,35.22,61.05,,,53.29,80.49,51.44,67.77
"Natural Gas, Opal, $ per MMBtu-I",2.1,2018-09-27,0.7419373447293773,33.76,66.24,,,55.44,70.52,54.88,70.08
"Natural Gas, Opal, $ per MMBtu-I",2.005,2018-09-28,0.6956440607585325,35.56,70.02,,,58.98,65.51,51.63,74.66
